読み	方言	標準語	標準語の読み	地域
あずましい	あずましい	【心地よい・落ち着く】	ここちよい	青森・北海道
おしょうしな	おしょうしな	【ありがとう】	ありがとう	山形
おどげでねぇ	おどげでねえ	【大変だ・途方もない】	たいへんだ	宮城
け	け	【食べて・おいで】	たべて	東北
く	く	【食べる】	たべる	東北
だだちゃ	だだちゃ	【お父さん・親父】	おとうさん	山形
なして	なして	【どうして・なぜ】	どうして	東北
こわい	こわい	【疲れた・だるい】	つかれた	北海道・東北
けっぱれ	けっぱれ	【がんばれ】	がんばれ	青森・北海道
もちょこちょい	もちょこちょい	【くすぐったい】	くすぐったい	宮城・岩手
ちょす	ちょす	【いじる・からかう】	いじる	東北
めんこい	めんこい	【かわいい】	かわいい	北海道・東北
うるかす	うるかす	【水に浸す】	みずにひたす	北海道・東北
ばくる	ばくる	【交換する】	こうかんする	北海道
なげる	なげる	【捨てる】	すてる	北海道・東北
ごんぼほる	ごんぼほる	【だだをこねる】	だだをこねる	青森
いったぎゃあ	言ったぎゃあ	【言いましたよ・言ったよ】	いいましたよ・いったよ	愛知（尾張）
いったがや	言ったがや	【言いましたよ・言ったよ】	いいましたよ・いったよ	愛知（尾張）
いったがね	言ったがね	【言いましたよ・言ったよ】	いいましたよ・いったよ	愛知（尾張）
いったじゃん	言ったじゃん	【言いましたよ・言ったよ】	いいましたよ・いったよ	愛知（三河）
そうだぎゃあ	そうだぎゃあ	【そうでしょう・そうだろう】	そうでしょう・そうだろう	愛知（尾張）
そうだがや	そうだがや	【そうでしょう・そうだろう】	そうでしょう・そうだろう	愛知（尾張）
そうだがね	そうだがね	【そうでしょう・そうだろう】	そうでしょう・そうだろう	愛知（尾張）
ほだらあ	ほだらあ	【そうでしょう・そうだろう】	そうでしょう・そうだろう	愛知（三河）
たべやあ	食べやあ	【食べなさい】	たべなさい	愛知（尾張）
たべりん	食べりん	【食べなさい】	たべなさい	愛知（三河）
はよいこまい	はよいこまい	【早く行きましょう・行こう】	はやくいきましょう・いこう	愛知（尾張・三河）
まわしする	まわし（を）する	【準備（を）する】	じゅんびする	愛知（尾張）
つくえをつる	机をつる	【机を運ぶ】	つくえをはこぶ	愛知（尾張・三河）
かぎをかう	鍵をかう	【鍵をかける】	かぎをかける	愛知（尾張・三河）
ほかる	（ごみを）ほかる	【（ごみを）捨てる】	すてる	愛知（尾張・三河）
みえる	（お客さんが）みえる	【いらっしゃる】	いらっしゃる	愛知（尾張・三河）
えらい	（体が）えらい	【疲れた】	つかれた	愛知（尾張・三河）
いかん	いかん	【だめだ】	だめだ	愛知（尾張・三河）
やらないかん	やらないかん	【やらなければならない】	やらなければならない	愛知（尾張・三河）
やらんといかん	やらんといかん	【やらなければならない】	やらなければならない	愛知（尾張・三河）
どえらい	どえらい〜	【大変〜・とても〜・すごく〜】	たいへん・とても・すごく	愛知（尾張）
どえりゃあ	どえりゃあ〜	【大変〜・とても〜・すごく〜】	たいへん・とても・すごく	愛知（尾張）
でえらあ	でえら〜	【大変〜・とても〜・すごく〜】	たいへん・とても・すごく	愛知（尾張）
ほんだで	ほんだで、〜	【だから、〜】	だから	愛知（尾張）
ほいだで	ほいだで、〜	【だから、〜】	だから	愛知（三河）
だもんで	だもんで〜	【だから、〜】	だから	愛知（三河）
たわけ	たわけ	【ばか】	ばか	愛知（尾張・三河）
たあけ	たあけ	【ばか】	ばか	愛知（尾張・三河）
あおぢ	あおぢ	【青あざ】	あおあざ	愛知（名古屋）
あかる	あかる	【こぼれる】	こぼれる	愛知（名古屋）
あったさん	あったさん	【熱田神宮】	あつたじんぐう	愛知（名古屋）
あっちゃこっちゃ	あっちゃこっちゃ	【反対・あべこべ】	はんたい・あべこべ	愛知（名古屋）
あまたらこい	あまたらこい	【甘すぎる】	あますぎる	愛知（名古屋）
あらすか	あらすか	【〜ない】	ない	愛知（名古屋）
あんき	あんき	【安心】	あんしん	愛知（名古屋）
あんた	あんた	【あなた】	あなた	愛知（名古屋）
あんばよう	あんばよう	【具合良く・うまく】	ぐあいよく・うまく	愛知（名古屋）
いい	いい	【しやすい】	しやすい	愛知（名古屋）
いかん	いかん	【だめ】	だめ	愛知（名古屋）
いざらかす	いざらかす	【動かす】	うごかす	愛知（名古屋）
いっつか	いっつか	【とっくに】	とっくに	愛知（名古屋）
いりゃあす	いりゃあす	【いらっしゃる】	いらっしゃる	愛知（名古屋）
いんちゃん	いんちゃん	【じゃんけん】	じゃんけん	愛知（名古屋）
ええて	ええて	【いいです】	いいです	愛知（名古屋）
えか	えか	【いいかい】	いいかい	愛知（名古屋）
えらい	えらい	【疲れる・しんどい】	つかれる・しんどい	愛知（名古屋）
おうじょうこく	おうじょうこく	【困る・苦労する】	こまる・くろうする	愛知（名古屋）
おうちゃく	おうちゃく	【なまける】	なまける	愛知（名古屋）
おそがい	おそがい	【恐ろしい】	おそろしい	愛知（名古屋）
おっさま	おっさま	【お坊さん】	おぼうさん	愛知（名古屋）
おぼこい	おぼこい	【子供っぽい・幼い】	こどもっぽい・おさない	愛知（名古屋）
おぼわる	おぼわる	【習得する】	しゅうとくする	愛知（名古屋）
かう	かう	【（鍵を）かける】	かける	愛知（名古屋）
かしゃん	かしゃん	【だろうか】	だろうか	愛知（名古屋）
かしらん	かしらん	【だろうか】	だろうか	愛知（名古屋）
かす	かす	【研ぐ】	とぐ	愛知（名古屋）
かまう	かまう	【面倒みる・いじめる】	めんどうみる・いじめる	愛知（名古屋）
かや	かや	【ですか】	ですか	愛知（名古屋）
がや	がや	【驚きを示す】	おどろきをしめす	愛知（名古屋）
がね	がね	【驚きを示す】	おどろきをしめす	愛知（名古屋）
からかす	からかす	【しほうだい・しまくる】	しほうだい・しまくる	愛知（名古屋）
かわす	かわす	【物が動かないように隙間に挟む】	ものがうごかないようにすきまにはさむ	愛知（名古屋）
かん	かん	【だめ】	だめ	愛知（名古屋）
かんかん	かんかん	【空き缶】	あきかん	愛知（名古屋）
かんこうする	かんこうする	【考える・工夫する】	かんがえる・くふうする	愛知（名古屋）
きいない	きいない	【黄色い】	きいろい	愛知（名古屋）
きちきち	きちきち	【窮屈】	きゅうくつ	愛知（名古屋）
きない	きない	【黄色い】	きいろい	愛知（名古屋）
くくる	くくる	【縛る】	しばる	愛知（名古屋）
くすねる	くすねる	【盗む】	ぬすむ	愛知（名古屋）
（かに）くわれる	（蚊に）くわれる	【（蚊に）刺される】	かにさされる	愛知（名古屋）
ケッタ	ケッタ	【自転車】	じてんしゃ	愛知（名古屋）
げな	げな	【そうだ】	そうだ	愛知（名古屋）
けなるい	けなるい	【うらやましい】	うらやましい	愛知（名古屋）
こく	こく	【言う・する】	いう・する	愛知（名古屋）
ござる	ござる	【いらっしゃる】	いらっしゃる	愛知（名古屋）
こそばい	こそばい	【くすぐったい】	くすぐったい	愛知（名古屋）
こっすい	こっすい	【ずるい】	ずるい	愛知（名古屋）
ごぶれいします	ごぶれいします	【失礼します】	しつれいします	愛知（名古屋）
こわい	こわい	【固い】	かたい	愛知（名古屋）
こわける	こわける	【壊れる】	こわれる	愛知（名古屋）
こわす	こわす	【崩す】	くずす	愛知（名古屋）
さぶい	さぶい	【寒い】	さむい	愛知（名古屋）
さむぼろ	さむぼろ	【鳥肌】	とりはだ	愛知（名古屋）
ざらいた	ざら板	【すのこ】	すのこ	愛知（名古屋）
したる	したる	【してある・してあげる】	してある・してあげる	愛知（名古屋）
してちょう	してちょう	【〜してください】	してください	愛知（名古屋）
してまう	してまう	【してもらう・してしまう】	してもらう・してしまう	愛知（名古屋）
しとる	しとる	【している】	している	愛知（名古屋）
しやあす	しやあす	【なさる】	なさる	愛知（名古屋）
しゃこう	車校	【自動車学校】	じどうしゃがっこう	愛知（名古屋）
ずっこい	ずっこい	【ずるい】	ずるい	愛知（名古屋）
せる	せる	【なさる】	なさる	愛知（名古屋）
せん	せん	【〜しない】	しない	愛知（名古屋）
だあだあぶり	だあだあ振り	【ひどい雨降り】	ひどいあめふり	愛知（名古屋）
たいがい	たいがい	【いいかげん・程々】	いいかげん・ほどほど	愛知（名古屋）
だだくさ	だだくさ	【雑に・無駄に】	ざつに・むだに	愛知（名古屋）
だちかん	だちかん	【だめ・役に立たない】	だめ・やくにたたない	愛知（名古屋）
だで	だで	【だから・なので】	だから・なので	愛知（名古屋）
だない	だない	【ではない】	ではない	愛知（名古屋）
だもんで	だもんで	【だから・なので】	だから・なので	愛知（名古屋）
たわけ	たわけ	【ばか・あほ】	ばか・あほ	愛知（名古屋）
たわけらしい	たわけらしい	【ばかばかしい・無意味な】	ばかばかしい・むいみな	愛知（名古屋）
たんび	たんび	【〜の度に】	〜のたびに	愛知（名古屋）
ちいと	ちいと	【ちょっと】	ちょっと	愛知（名古屋）
ちゃっと	ちゃっと	【すぐに・急いで】	すぐに・いそいで	愛知（名古屋）
ちょうす	ちょうす	【下さる】	くださる	愛知（名古屋）
ちょうすいとる	ちょうすいとる	【威張る・調子に乗っている】	いばる・ちょうしにのっている	愛知（名古屋）
ちょうらかす	ちょうらかす	【ごまかす】	ごまかす	愛知（名古屋）
ちんちん	ちんちん	【熱い】	あつい	愛知（名古屋）
つかいさし	つかいさし	【残り】	のこり	愛知（名古屋）
つくねる	つくねる	【無造作に積み上げられた状態】	むぞうさにつみあげられたじょうたい	愛知（名古屋）
つっと	つっと	【すぐに・すんなりと・簡単に】	すぐに・すんなりと・かんたんに	愛知（名古屋）
つる	つる	【運ぶ】	はこぶ	愛知（名古屋）
つれ	連れ	【仲間・身内】	なかま・みうち	愛知（名古屋）
でら	でら	【ものすごい】	ものすごい	愛知（名古屋）
と	と	【そうだ】	そうだ	愛知（名古屋）
どえらい	どえらい	【ものすごい】	ものすごい	愛知（名古屋）
ときんときん	ときんときん	【尖っている】	とがっている	愛知（名古屋）
どべ	どべ	【最後・ビリ】	さいご・びり	愛知（名古屋）
とろい	とろい	【ばか・鈍い・ぼーっとしている】	ばか・にぶい・ぼーっとしている	愛知（名古屋）
とろくさい	とろくさい	【ばかばかしい・あほらしい】	ばかばかしい・あほらしい	愛知（名古屋）
なぶる	なぶる	【触る】	さわる	愛知（名古屋）
なも	なも	【ですね】	ですね	愛知（名古屋）
なんだしらん	なんだしらん	【なんだかよくわからないけど】	なんだかよくわからないけど	愛知（名古屋）
にすい	にすい	【緩い・弱い・鈍い】	ゆるい・よわい・にぶい	愛知（名古屋）
ぬくとい	ぬくとい	【温かい】	あたたかい	愛知（名古屋）
ねぶる	ねぶる	【なめる】	なめる	愛知（名古屋）
のうなる	のうなる	【なくなる・紛失する】	なくなる・ふんしつする	愛知（名古屋）
ぱーぱー	ぱーぱー	【開けっ放し】	あけっぱなし	愛知（名古屋）
はさかる	はさかる	【挟まる】	はさまる	愛知（名古屋）
ばっか	ばっか	【ばかり】	ばかり	愛知（名古屋）
はば	はば	【除け者・仲間はずれ】	のけもの・なかまはずれ	愛知（名古屋）
はよ	はよ	【早く】	はやく	愛知（名古屋）
びーし	B紙	【B0サイズの紙】	ビーゼロサイズのかみ	愛知（名古屋）
ぴい	ぴい	【ちょき】	ちょき	愛知（名古屋）
ひしゃける	ひしゃける	【潰れる】	つぶれる	愛知（名古屋）
びたびた	びたびた	【びっしょり濡れる】	びっしょりぬれる	愛知（名古屋）
ひっつく	ひっつく	【張り付く】	はりつく	愛知（名古屋）
ふちっこ	ふちっこ	【はしっこ】	はしっこ	愛知（名古屋）
ぼう	ぼう	【追う・追いかける】	おう・おいかける	愛知（名古屋）
ほうか	ほうか	【休み時間】	やすみじかん	愛知（名古屋）
ほうか	ほうか	【そうか】	そうか	愛知（名古屋）
ほうだがね	ほうだがね	【そうだよ】	そうだよ	愛知（名古屋）
ほかる	ほかる	【捨てる】	すてる	愛知（名古屋）
ぼっさい	ぼっさい	【古ぼけた・ぼろぼろ】	ふるぼけた・ぼろぼろ	愛知（名古屋）
ぼろ	ぼろ	【湿疹】	しっしん	愛知（名古屋）
ほんだで	ほんだで	【だから】	だから	愛知（名古屋）
まあ	まあ	【もう】	もう	愛知（名古屋）
まい	まい	【〜しよう】	〜しよう	愛知（名古屋）
まっつぁかや	まっつぁかや	【松坂屋】	まつざかや	愛知（名古屋）
まっと	まっと	【もっと】	もっと	愛知（名古屋）
まっぺん	まっぺん	【もう一度】	もういちど	愛知（名古屋）
まわし	まわし	【準備・支度】	じゅんび・したく	愛知（名古屋）
みえる	みえる	【いらっしゃる】	いらっしゃる	愛知（名古屋）
めいえき	名駅	【名古屋駅】	なごやえき	愛知（名古屋）
めいだい	名大	【名古屋大学】	なごやだいがく	愛知（名古屋）
めちゃんこ	めちゃんこ	【めちゃくちゃ】	めちゃくちゃ	愛知（名古屋）
めっそ	めっそ	【目分量】	めぶんりょう	愛知（名古屋）
めんぼ	めんぼ	【ものもらい】	ものもらい	愛知（名古屋）
もうはい	もうはい	【もう・すでに】	もう・すでに	愛知（名古屋）
もうやっこ	もうやっこ	【共同所有】	きょうどうしょゆう	愛知（名古屋）
もろ	もろ	【全部・まるごと】	ぜんぶ・まるごと	愛知（名古屋）
もん	もん	【物】	もの	愛知（名古屋）
やぐい	やぐい	【強度が弱い】	きょうどがよわい	愛知（名古屋）
やけずる	やけずる	【火傷する】	やけどする	愛知（名古屋）
やせん	やせん	【〜しない】	〜しない	愛知（名古屋）
やっとかめ	やっとかめ	【久しぶり】	ひさしぶり	愛知（名古屋）
ようけ	ようけ	【たくさん】	たくさん	愛知（名古屋）
ようさん	ようさん	【たくさん】	たくさん	愛知（名古屋）
よった	よった	【〜した】	〜した	愛知（名古屋）
よばれる	よばれる	【ご馳走になる】	ごちそうになる	愛知（名古屋）
らっせる	らっせる	【いらっしゃる】	いらっしゃる	愛知（名古屋）
りゃあす	りゃあす	【（〜して）いらっしゃる】	（〜して）いらっしゃる	愛知（名古屋）
わや	わや	【台無し】	だいなし	愛知（名古屋）
あかん	あかん	【だめだ・効果がない・むだ】	だめだ・こうかがない・むだ	京都
あかん	あかん	【してはいけない】	してはいけない	京都
あがる	あがる	【北へ行く】	きたへいく	京都
あじない	あじない	【食べ物がまずい・おいしくない】	たべものがまずい・おいしくない	京都
あて	あて	【私】	わたし	京都
あまえた	あまえた	【甘えん坊】	あまえんぼう	京都
いか	いか	【凧】	たこ	京都
いきし・いきしな	いきし・いきしな	【行きがけ】	いきがけ	京都
いちびる	いちびる	【調子に乗る・調子に乗ってふざける】	ちょうしにのる・ちょうしにのってふざける	京都
いらう	いらう	【物に触る・いじる】	ものにさわる・いじる	京都
いらち	いらち	【せかせかして落ち着きのない人・せっかちな人】	せかせかしておちつきのないひと・せっかちなひと	京都
いらやき	いらやき	【生焼け】	なまやけ	京都
うち	うち	【私】	わたし	京都
〜え	〜え	【〜よ・軽く念を押す】	〜よ・かるくねんをおす	京都
えずく	えずく	【吐き気をもよおす・嘔吐する・吐く】	はきけをもよおす・おうとする・はく	京都
えらい	えらい	【ずいぶん・大層】	ずいぶん・たいそう	京都
えんばんと	えんばんと	【あいにく・折り悪しく】	あいにく・おりあしく	京都
おあげさん	おあげさん	【油揚げ】	あぶらあげ	京都
おいいる	おいいる	【おっしゃる】	おっしゃる	京都
おくどさん	おくどさん	【かまど】	かまど	京都
おさがり	おさがり	【雨降り】	あめふり	京都
おさがり	おさがり	【神仏への供え物を下げたもの】	しんぶつへのそなえものをさげたもの	京都
〜おし・〜よし	〜おし・〜よし	【〜なさい】	〜なさい	京都
おす	おす	【ございます】	ございます	京都
おてしょー	おてしょー	【小皿・手塩皿】	こざら・てしおざら	京都
おてまいり	おてまいり	【手間のかかること】	てまのかかること	京都
おばんざい	おばんざい	【ふだんの日のお惣菜】	ふだんのひのおそうざい	京都
お〜やす	お〜やす	【〜なさいます】	〜なさいます	京都
かざ	かざ	【香・におい】	かおり・におい	京都
かちん・おかちん	かちん・おかちん	【餅】	もち	京都
かなん	かなん	【いやだ・困る】	いやだ・こまる	京都
かんこくさい	かんこくさい	【きなくさい・こげくさい】	きなくさい・こげくさい	京都
きさんじ	きさんじ	【気楽】	きらく	京都
きなしぼ	きなしぼ	【やる気のない人】	やるきのないひと	京都
きばる	きばる	【がんばる】	がんばる	京都
きょーび	きょーび	【いまどき・近頃・最近】	いまどき・ちかごろ・さいきん	京都
けなるい	けなるい	【うらやましい】	うらやましい	京都
こげつき	こげつき	【祖父以来長くその土地に住んでいること】	そふいらいながくそのとちにすんでいること	京都
こたち	こたち	【他人の子】	たにんのこ	京都
こないだうち	こないだうち	【このあいだ・先だって】	このあいだ・せんだって	京都
こーとな	こーとな	【地味で上品な】	じみでじょうひんな	京都
さかい（に）	さかい（に）	【〜から】	〜から	京都
〜し	〜し	【〜から・〜ので】	〜から・〜ので	京都
〜しか	〜しか	【〜より】	〜より	京都
しまつする	しまつする	【節約する・倹約する】	せつやくする・けんやくする	京都
しんきくさい	しんきくさい	【もどかしい・じれったい】	もどかしい・じれったい	京都
しんどい	しんどい	【くたびれている】	くたびれている	京都
しんどい	しんどい	【骨が折れる・大変である】	ほねがおれる・たいへんである	京都
すもじ	すもじ	【すしを丁寧に言う語】	すしをていねいにいうご	京都
たく	たく	【煮る】	にる	京都
つろくする	つろくする	【調和がとれる】	ちょうわがとれる	京都
てんご	てんご	【悪ふざけ・いたずら】	わるふざけ・いたずら	京都
〜とーみ	〜とーみ	【〜してごらん・〜してごらんなさい】	〜してごらん・〜してごらんなさい	京都
なおす	なおす	【しまう・片づける】	しまう・かたづける	京都
なむなむ	なむなむ	【まずまず・まあまあ】	まずまず・まあまあ	京都
におぐ	におぐ	【匂いを嗅ぐ】	においをかぐ	京都
のく	のく	【どく・よける】	どく・よける	京都
〜はる	〜はる	【補助動詞・尊敬・丁寧の意】	ほじょどうし・そんけい・ていねいのい	京都
はんなり	はんなり	【明るくて上品な】	あかるくてじょうひんな	京都
へんねし	へんねし	【すねること・ねむたいこと】	すねること・ねむたいこと	京都
ほかす	ほかす	【捨てる】	すてる	京都
ほたえる	ほたえる	【ふざけて騒ぐ・暴れる】	ふざけてさわぐ・あばれる	京都
ほっこりする	ほっこりする	【ほっとする】	ほっとする	京都
ほんま	ほんま	【本当・真実】	ほんとう・しんじつ	京都
まったり	まったり	【やわらかくおだやか】	やわらかくおだやか	京都
まどす	まどす	【弁償する】	べんしょうする	京都
むしやしない	むしやしない	【食間の軽い食べ物】	しょっかんのかるいたべもの	京都
もみない	もみない	【味ない・おいしくない】	あじない・おいしくない	京都
もらいずて	もらいずて	【贈り物をもらってお返しをしないこと】	おくりものをもらっておかえしをしないこと	京都
やにこい	やにこい	【壊れやすい・ひ弱い】	こわれやすい・ひよわい	京都
よめいり	よめいり	【貰い物をたらい回しにすること】	もらいものをたらいまわしにすること	京都
わらける	わらける	【つい笑ってしまう】	ついわらってしまう	京都
ぎょーさん	ぎょーさん	【たくさん】	たくさん	京都
ぐつわるい	ぐつわるい	【都合が悪い】	つごうがわるい	京都
だんない	だんない	【さしつかえない】	さしつかえない	京都
〜どす	〜どす	【〜です】	〜です	京都
ぶっちゃけたはなし	ぶっちゃけたはなし	【打ち明けた話・ほんとのところ】	うちあけたはなし・ほんとのところ	京都
べべたこ	べべたこ	【びり・最下位】	びり・さいかい	京都
あかん	あかん	【だめだ・役に立たない】	だめだ・やくにたたない	京都
あこ	あこ	【あそこ】	あそこ	京都
あったこ	あったこ	【暖かく】	あたたかく	京都
あないして	あないして	【あのようにして】	あのようにして	京都
あめさん	あめさん	【飴（女性語）】	あめ（じょせいご）	京都
あらくたい	あらくたい	【荒っぽい・手荒】	あらっぽい・てあら	京都
あやかまっさんどした	あやかまっさんどした	【お騒がせしました】	おさわがせしました	京都
あんじょー	あんじょー	【上手に】	じょうずに	京都
いきる	いきる	【調子にのる】	ちょうしにのる	京都
いけず	いけず	【意地悪】	いじわる	京都
いちげんさん	いちげんさん	【その店にとって初めての客】	そのみせにとってはじめてのきゃく	京都
いちびる	いちびる	【調子にのる】	ちょうしにのる	京都
いーひん	いーひん	【いない】	いない	京都
いらう	いらう	【触る・もてあそぶ】	さわる・もてあそぶ	京都
いらち	いらち	【落ち着きのない】	おちつきのない	京都
うつらはる	うつらはる	【似合っておられる】	にあっておられる	京都
うつる	うつる	【似合う・調和する】	にあう・ちょうわする	京都
えーにょーぼー	えーにょーぼー	【いい女・美人】	いいおんな・びじん	京都
えげつない	えげつない	【ひどい】	ひどい	京都
えずくろしい	えずくろしい	【くどくどしい】	くどくどしい	京都
えんばんと	えんばんと	【あいにく】	あいにく	京都
おいた	おいた	【かまぼこ】	かまぼこ	京都
おいでやす	おいでやす	【いらっしゃい】	いらっしゃい	京都
おいど	おいど	【おしり】	おしり	京都
おいない	おいない	【おいでなさい】	おいでなさい	京都
おいなり	おいなり	【いらっしゃいよ】	いらっしゃいよ	京都
おおきに	おおきに	【ありがとう】	ありがとう	京都
おかちょ	おかちょ	【蚊帳】	かや	京都
おかぼ	おかぼ	【かぼちゃ】	かぼちゃ	京都
おきばりやす	おきばりやす	【がんばってください】	がんばってください	京都
おくれやす	おくれやす	【ください】	ください	京都
おくたぶれさんどした	おくたぶれさんどした	【おつかれさまでした】	おつかれさまでした	京都
おくちべっぴん	おくちべっぴん	【表面的には優雅だが裏がある】	ひょうめんてきにはゆうがだがうらがある	京都
おことーさんどす	おことーさんどす	【年末の挨拶】	ねんまつのあいさつ	京都
おしたじ	おしたじ	【醤油】	しょうゆ	京都
おしずかに	おしずかに	【ごゆっくり】	ごゆっくり	京都
おせたげる	おせたげる	【教えてあげる】	おしえてあげる	京都
おせな	おせな	【背中】	せなか	京都
おせんすになる	おせんすになる	【縁談がほぼまとまること】	えんだんがほぼまとまること	京都
おっさん	おっさん	【お坊さん】	おぼうさん	京都
おっちん	おっちん	【座る】	すわる	京都
おはようおかえり	おはようおかえり	【早く帰ってきてね】	はやくかえってきてね	京都
おばんざい	おばんざい	【お惣菜】	おそうざい	京都
おぶう	おぶう	【お茶】	おちゃ	京都
おべんちゃら	おべんちゃら	【お世辞】	おせじ	京都
おまん	おまん	【饅頭】	まんじゅう	京都
おやかまっさんどした	おやかまっさんどした	【お邪魔しました・お騒がせしてすみませんでした】	おじゃましました・おさわがせしてすみませんでした	京都
おやすみやす	おやすみやす	【おやすみなさい】	おやすみなさい	京都
およばれだちですいません	およばれだちですいません	【ご飯だけ食べてすぐに帰ってしまう時の言葉】	ごはんだけたべてすぐにかえってしまうときのことば	京都
かぁ	〜かぁ	【〜してたんだよね・〜なんだよね】	〜してたんだよね・〜なんだよね	京都
かなんわぁ	かなんわぁ	【困ります】	こまります	京都
かにここ	かにここ	【わずかばかり】	わずかばかり	京都
かまへん	かまへん	【構わない・たいしたことない】	かまわない・たいしたことない	京都
かやくごはん	かやくごはん	【五目ご飯】	ごもくごはん	京都
かんにんえ	かんにんえ	【ごめん・許してほしい】	ごめん・ゆるしてほしい	京都
きずい	きずい	【わがまま】	わがまま	京都
きずつない	きずつない	【すまない・申し訳ない】	すまない・もうしわけない	京都
きばる	きばる	【頑張る】	がんばる	京都
きーひん	きーひん	【こない】	こない	京都
きやわるい	きやわるい	【気持ちが悪い】	きもちがわるい	京都
きんの	きんの	【昨日】	きのう	京都
けぇ	けぇ	【毛】	け	京都
けったいな	けったいな	【変な・おかしな】	へんな・おかしな	京都
こーて	こーて	【買って】	かって	京都
こーとな	こーとな	【地味で上品】	じみでじょうひん	京都
ごきんとはんに	ごきんとはんに	【ご丁寧に】	ごていねいに	京都
こちょばい	こちょばい	【くすぐったい】	くすぐったい	京都
こないだうち	こないだうち	【この間・先立って】	このあいだ・せんだって	京都
ごめんやす	ごめんやす	【ごめんください】	ごめんください	京都
ごんぼ	ごんぼ	【ごぼう】	ごぼう	京都
け	〜け	【〜しようか】	〜しようか	京都
さかい（に）	〜さかい（に）	【だから】	だから	京都
さがる	さがる	【南に行く】	みなみにいく	京都
さぶいぼ	さぶいぼ	【鳥肌が立つ】	とりはだがたつ	京都
さら	さら	【新品】	しんぴん	京都
ざんない	ざんない	【だらしない・くだらない】	だらしない・くだらない	京都
しかつい	しかつい	【真面目・しっかりしている】	まじめ・しっかりしている	京都
しばく	しばく	【たたく】	たたく	京都
しはる	〜しはる	【〜される】	〜される	京都
しぶちん	しぶちん	【お金を使わない人】	おかねをつかわないひと	京都
じゅんさいな	じゅんさいな	【いいかげんな・従順な】	いいかげんな・じゅうじゅんな	京都
しょーもない	しょーもない	【つまらない・くだらない】	つまらない・くだらない	京都
しんきくさい	しんきくさい	【じれったい・もどかしい】	じれったい・もどかしい	京都
しんどい	しんどい	【疲れる・つらい】	つかれる・つらい	京都
すかたん	すかたん	【見当外れ・的外れ】	けんとうはずれ・まとはずれ	京都
すこい	すこい	【ずるい】	ずるい	京都
ずし	図子（ずし）	【通り抜けられる道】	とおりぬけられるみち	京都
せつろしい	せつろしい	【きぜわしい】	きぜわしい	京都
せわしない	せわしない	【忙しい】	いそがしい	京都
せんぐり	せんぐり	【何回も】	なんかいも	京都
そやかて	そやかて	【だからといって】	だからといって	京都
だいじおへん	だいじおへん	【差し支えない】	さしつかえない	京都
だわすけ	だわすけ	【怠け者】	なまけもの	京都
たんと	たんと	【沢山】	たくさん	京都
ちゃいます	ちゃいます	【違います】	ちがいます	京都
ちゃんと	ちゃんと	【確かに】	たしかに	京都
ちょちょこばる	ちょちょこばる	【うずくまる・かがむ】	うずくまる・かがむ	京都
ちょろこい	ちょろこい	【簡単】	かんたん	京都
てれこ	てれこ	【さかさま・互い違い】	さかさま・たがいちがい	京都
どこいきどす	どこいきどす	【どこかへ出かける人への挨拶】	どこかへでかけるひとへのあいさつ	京都
どない	どない	【どんな・どのように】	どんな・どのように	京都
どなたさんもおさきどす	どなたさんもおさきどす	【お先に失礼します】	おさきにしつれいします	京都
とーみ	とーみ	【〜してごらん】	〜してごらん	京都
どやさ	どやさ	【どうですか？】	どうですか？	京都
どんつき	どんつき	【突き当たり】	つきあたり	京都
なおす	なおす	【しまう・片付ける】	しまう・かたづける	京都
なかなか	なかなか	【いえいえ】	いえいえ	京都
なんぎやなぁ	なんぎやなぁ	【困ったね】	こまったね	京都
にっちょ	にっちょ	【日曜】	にちよう	京都
にぬき	にぬき	【ゆで卵】	ゆでたまご	京都
はばかりさん	はばかりさん	【ご苦労様】	ごくろうさま	京都
はる	〜はる	【〜なさる】	〜なさる	京都
はん	はん	【〜さん】	〜さん	京都
はんなり	はんなり	【上品な明るさ・華やかな様子】	じょうひんなあかるさ・はなやかなようす	京都
ひませ	ひませ	【日数のへた食べ物】	にっすうのへたたべもの	京都
ひょ	〜ひょ	【〜しょう】	〜しょう	京都
ひん	〜ひん	【〜ない】	〜ない	京都
ぶっちゃけた	ぶっちゃけた	【正直な・本当の】	しょうじきな・ほんとうの	京都
ぶぶ	ぶぶ	【お茶】	おちゃ	京都
ぺちゃこい	ぺちゃこい	【平たい】	ひらたい	京都
べべ	べべ	【服】	ふく	京都
べんちゃら	べんちゃら	【お世辞】	おせじ	京都
へん	〜へん	【〜ない】	〜ない	京都
ほな	ほな	【そしたら】	そしたら	京都
ほたえる	ほたえる	【たわむれる・じゃれ合う】	たわむれる・じゃれあう	京都
ほっこりする	ほっこりする	【ほっとする・安堵感】	ほっとする・あんどかん	京都
まいまい	まいまい	【うろうろする】	うろうろする	京都
まったり	まったり	【とろんとした口当たり】	とろんとしたくちあたり	京都
まんま	まんま	【ご飯】	ごはん	京都
まんわるく	まんわるく	【運悪く】	うんわるく	京都
見とくれやす	見とくれやす	【ご覧ください】	ごらんください	京都
みとーみ	みとーみ	【見てください】	みてください	京都
むしゃない	むしゃない	【空腹をしのぐ】	くうふくをしのぐ	京都
もおてる	もおてる	【もらっている】	もらっている	京都
もた	もた	【〜してしまった】	〜してしまった	京都
もっさい	もっさい	【野暮ったい・垢抜けない】	やぼったい・あかぬけない	京都
もみない	もみない	【味ない・美味しくない】	あじない・おいしくない	京都
ももける	ももける	【毛羽立つ】	けばだつ	京都
やにこい	やにこい	【壊れやすい】	こわれやすい	京都
ややこしい	ややこしい	【こみいった・複雑な】	こみいった・ふくざつな	京都
よぉいわんわ	よぉいわんわ	【何を言っているの！】	なにをいっているの	京都
よし	〜よし	【〜したらどう？】	〜したらどう	京都
よろしおあがりやす	よろしおあがりやす	【どうぞお召し上がりください・お粗末でした】	どうぞおめしあがりください・おそまつでした	京都
わや	わや	【台無し・無茶なこと】	だいなし・むちゃなこと	京都
ん・へん	〜ん・〜へん	【〜しない】	〜しない	京都
あいそ	あいそ	【愛想】	あいそ	大阪
あかんたれ	あかんたれ	【弱虫・駄目な奴】	よわむし・だめなやつ	大阪
あほくさい	あほくさい	【馬鹿馬鹿しい】	ばかばかしい	大阪
あらしょ	あらしょ	【あるじゃないか】	あるじゃないか	大阪
あんじょー	あんじょー	【うまく・上手に】	うまく・じょうずに	大阪
いかーしめへん	いかーしめへん	【行きはしません】	いきはしません	大阪
いけず	いけず	【意地悪】	いじわる	大阪
いちびる	いちびる	【ふざける】	ふざける	大阪
いてこます	いてこます	【やっつける】	やっつける	大阪
いてる	いてる	【いる】	いる	大阪
いのく	いのく	【動く】	うごく	大阪
いらち	いらち	【落ち着きのないこと】	おちつきのないこと	大阪
いんじゃんほい	いんじゃんほい	【じゃんけんをする時のかけ声】	じゃんけんをするときのかけごえ	大阪
うっとこ	うっとこ	【私のところ・私の家】	わたしのところ・わたしのいえ	大阪
えげつない	えげつない	【ひどい・悪い】	ひどい・わるい	大阪
おいえ	おいえ	【そうだ・そのとおり】	そうだ・そのとおり	大阪
おかん	おかん	【お母さん】	おかあさん	大阪
おがる	おがる	【叫ぶ・呼ぶ】	さけぶ・よぶ	大阪
おます	おます	【あります】	あります	大阪
おもろい	おもろい	【面白い】	おもしろい	大阪
おもんない	おもんない	【おもしろくない】	おもしろくない	大阪
おーきに	おーきに	【ありがとう】	ありがとう	大阪
かめへん	かめへん	【かまわない】	かまわない	大阪
かんてき	かんてき	【七輪】	しちりん	大阪
かんにん	かんにん	【ごめん】	ごめん	大阪
けったいな	けったいな	【奇妙な・変な】	きみょうな・へんな	大阪
けなりー	けなりー	【うらやましい】	うらやましい	大阪
こすい	こすい	【ずるい・狡猾な】	ずるい・こうかつな	大阪
こそばす	こそばす	【くすぐる】	くすぐる	大阪
〜さかい	〜さかい	【〜から・〜ので】	〜から・〜ので	大阪
さよか	さよか	【そうか】	そうか	大阪
しょーもない	しょーもない	【くだらない】	くだらない	大阪
せわしない	せわしない	【忙しい】	いそがしい	大阪
ちゃう	ちゃう	【違う】	ちがう	大阪
〜ちゃーる	〜ちゃーる	【〜ている】	〜ている	大阪
てれこ	てれこ	【互い違い】	たがいちがい	大阪
なおす	なおす	【片付ける・仕舞う】	かたづける・しまう	大阪
〜なはれ	〜なはれ	【〜なさい】	〜なさい	大阪
なんぎや	なんぎや	【困難だ・難儀だ】	こんなんだ・なんぎだ	大阪
なんしか	なんしか	【何しろ】	なにしろ	大阪
なんぼ	なんぼ	【いくら・どれくらい】	いくら・どれくらい	大阪
にくそい	にくそい	【憎らしい】	にくらしい	大阪
にっちょ	にっちょ	【日曜】	にちよう	大阪
にぬき	にぬき	【ゆで卵】	ゆでたまご	大阪
〜ねん	〜ねん	【〜のだ】	〜のだ	大阪
〜はる	〜はる	【〜なさる】	〜なさる	大阪
へてから	へてから	【それから】	それから	大阪
まいっぺん	まいっぺん	【もう一度】	もういちど	大阪
めっちゃ	めっちゃ	【たいへん・非常に】	たいへん・ひじょうに	大阪
めばちこ	めばちこ	【ものもらい】	ものもらい	大阪
もむない	もむない	【まずい】	まずい	大阪
〜やす	〜やす	【〜です】	〜です	大阪
やつす	やつす	【おめかしする・化粧する】	おめかしする・けしょうする	大阪
ややこ	ややこ	【赤ん坊】	あかんぼう	大阪
〜やんか	〜やんか	【〜じゃないか】	〜じゃないか	大阪
よってに	よってに	【から・ので】	から・ので	大阪
わや	わや	【無茶苦茶】	むちゃくちゃ	大阪
わらかす	わらかす	【笑わす】	わらわす	大阪
〜がな	〜がな	【〜ではないか・〜じゃない】	〜ではないか・〜じゃない	大阪
がめつい	がめつい	【けちな】	けちな	大阪
ぎょーさん	ぎょーさん	【たくさん】	たくさん	大阪
げっと	げっと	【びり】	びり	大阪
ごっかぶり	ごっかぶり	【ごきぶり】	ごきぶり	大阪
ごわへん	ごわへん	【ございません】	ございません	大阪
ごんたくれ	ごんたくれ	【腕白・いたずらっ子】	わんぱく・いたずらっこ	大阪
じゅんさいな	じゅんさいな	【いい加減な】	いいかげんな	大阪
じょら	じょら	【あぐら】	あぐら	大阪
ずぼら	ずぼら	【無精・じだらく・投げやり】	ぶしょう・じだらく・なげやり	大阪
だんない	だんない	【構わない・差し支えない】	かまわない・さしつかえない	大阪
でぼちん	でぼちん	【おでこ】	おでこ	大阪
どない	どない	【どう・どのように】	どう・どのように	大阪
どんならん	どんならん	【どうにもならない】	どうにもならない	大阪
べべ	べべ	【びり】	びり	大阪
ぼちぼち	ぼちぼち	【少しずつ】	すこしずつ	大阪
かんかん	かんかん	【空き缶】	あきかん	北海道
がんがん	がんがん	【空き缶】	あきかん	北海道
かんから	かんから	【空き缶】	あきかん	栃木県
かんから	かんから	【空き缶】	あきかん	群馬県
かんから	かんから	【空き缶】	あきかん	新潟県
かんかん	かんかん	【空き缶】	あきかん	愛知県
かんかん	かんかん	【空き缶】	あきかん	京都府
かんかん	かんかん	【空き缶】	あきかん	大阪府
ぐぁんがら	ぐぁんがら	【空き缶】	あきかん	熊本県
かんからー	かんからー	【空き缶】	あきかん	沖縄県
あご	あご	【顎】	あご	北海道
おどげ	おどげ	【顎】	あご	青森県
あぎた	あぎた	【顎】	あご	岩手県
おどげ	おどげ	【顎】	あご	宮城県
おどげ	おどげ	【顎】	あご	秋田県
おどがえ	おどがえ	【顎】	あご	山形県
おどげ	おどげ	【顎】	あご	福島県
あご	あご	【顎】	あご	茨城県
あぐ	あぐ	【顎】	あご	栃木県
あぐ	あぐ	【顎】	あご	群馬県
あぐ	あぐ	【顎】	あご	埼玉県
あご	あご	【顎】	あご	千葉県
あご	あご	【顎】	あご	東京都
あご	あご	【顎】	あご	神奈川県
あご	あご	【顎】	あご	新潟県
あご	あご	【顎】	あご	富山県
あご	あご	【顎】	あご	石川県
あごた	あごた	【顎】	あご	福井県
あご	あご	【顎】	あご	山梨県
あご	あご	【顎】	あご	長野県
あご	あご	【顎】	あご	岐阜県
あご	あご	【顎】	あご	静岡県
あご	あご	【顎】	あご	愛知県
あご	あご	【顎】	あご	三重県
あご	あご	【顎】	あご	滋賀県
おとがい	おとがい	【顎】	あご	京都府
おとがい	おとがい	【顎】	あご	大阪府
あご	あご	【顎】	あご	兵庫県
あごた	あごた	【顎】	あご	奈良県（広陵町）
あご	あご	【顎】	あご	和歌山県
あご	あご	【顎】	あご	鳥取県
おとんげ	おとんげ	【顎】	あご	島根県
おとげ	おとげ	【顎】	あご	島根県
あごた	あごた	【顎】	あご	岡山県
あぎ	あぎ	【顎】	あご	広島県
あぎと	あぎと	【顎】	あご	広島県
あご	あご	【顎】	あご	山口県
あぎと	あぎと	【顎】	あご	徳島県
あげと	あげと	【顎】	あご	香川県
あぎと	あぎと	【顎】	あご	愛媛県
あぎ	あぎ	【顎】	あご	高知県
あごたん	あごたん	【顎】	あご	福岡県
あごたん	あごたん	【顎】	あご	佐賀県
あぎ	あぎ	【顎】	あご	長崎県
あご	あご	【顎】	あご	熊本県
あご	あご	【顎】	あご	大分県
あご	あご	【顎】	あご	宮崎県
あご	あご	【顎】	あご	鹿児島県
うとぅげー	うとぅげー	【顎】	あご	沖縄県
あとさりこっこんじょう	あとさりこっこんじょう	【蟻地獄】	ありじごく	北海道
あどじゃらむす	あどじゃらむす	【蟻地獄】	ありじごく	青森県
あとざりむし	あとざりむし	【蟻地獄】	ありじごく	青森県
さらこ	さらこ	【蟻地獄】	ありじごく	青森県
うしあな	うしあな	【蟻地獄】	ありじごく	岩手県
べごべごむし	べごべごむし	【蟻地獄】	ありじごく	宮城県
うしろべご	うしろべご	【蟻地獄】	ありじごく	秋田県
さるこむし	さるこむし	【蟻地獄】	ありじごく	秋田県
さらこべ	さらこべ	【蟻地獄】	ありじごく	山形県
べこべこ	べこべこ	【蟻地獄】	ありじごく	福島県
いっこいっこむし	いっこいっこむし	【蟻地獄】	ありじごく	福島県
うしっこ	うしっこ	【蟻地獄】	ありじごく	福島県
あどじゃりむし	あどじゃりむし	【蟻地獄】	ありじごく	茨城県
あまんじゃぐ	あまんじゃぐ	【蟻地獄】	ありじごく	茨城県
いしこたっこ	いしこたっこ	【蟻地獄】	ありじごく	茨城県
とっこばっこ	とっこばっこ	【蟻地獄】	ありじごく	栃木県
ちちけっぽ	ちちけっぽ	【蟻地獄】	ありじごく	栃木県
ちっぽけっぽ	ちっぽけっぽ	【蟻地獄】	ありじごく	栃木県
てっこはっこ	てっこはっこ	【蟻地獄】	ありじごく	群馬県
あとざりおしっこ	あとざりおしっこ	【蟻地獄】	ありじごく	埼玉県
うしっこ	うしっこ	【蟻地獄】	ありじごく	埼玉県
ためっこじょうろ	ためっこじょうろ	【蟻地獄】	ありじごく	千葉県
おうち	おうち	【蟻地獄】	ありじごく	千葉県
うしこ	うしこ	【蟻地獄】	ありじごく	千葉県
おしこ	おしこ	【蟻地獄】	ありじごく	千葉県
ありじごく	ありじごく	【蟻地獄】	ありじごく	東京都
あとしっつぁり	あとしっつぁり	【蟻地獄】	ありじごく	神奈川県
いちこんこ	いちこんこ	【蟻地獄】	ありじごく	神奈川県
さむらい	さむらい	【蟻地獄】	ありじごく	神奈川県
じじっこ	じじっこ	【蟻地獄】	ありじごく	神奈川県
すりばち	すりばち	【蟻地獄】	ありじごく	神奈川県
はっこ	はっこ	【蟻地獄】	ありじごく	新潟県
ぼこぼこ	ぼこぼこ	【蟻地獄】	ありじごく	新潟県
ありじごく	ありじごく	【蟻地獄】	ありじごく	富山県
とっとらむし	とっとらむし	【蟻地獄】	ありじごく	石川県
そーとめ	そーとめ	【蟻地獄】	ありじごく	福井県
あとしゃりべべっこ	あとしゃりべべっこ	【蟻地獄】	ありじごく	山梨県
はっこ	はっこ	【蟻地獄】	ありじごく	長野県
へこ	へこ	【蟻地獄】	ありじごく	長野県
かんこ	かんこ	【蟻地獄】	ありじごく	長野県
こじこじ	こじこじ	【蟻地獄】	ありじごく	岐阜県
すもすも	すもすも	【蟻地獄】	ありじごく	岐阜県
いぼじり	いぼじり	【蟻地獄】	ありじごく	静岡県
いもじり	いもじり	【蟻地獄】	ありじごく	静岡県
うし	うし	【蟻地獄】	ありじごく	静岡県
うしっこ	うしっこ	【蟻地獄】	ありじごく	静岡県
こじこじ	こじこじ	【蟻地獄】	ありじごく	愛知県
じじんこ	じじんこ	【蟻地獄】	ありじごく	愛知県
おくんぼ	おくんぼ	【蟻地獄】	ありじごく	愛知県
ありじごく	ありじごく	【蟻地獄】	ありじごく	三重県
ありじごく	ありじごく	【蟻地獄】	ありじごく	滋賀県
めめくぼかいくぼ	めめくぼかいくぼ	【蟻地獄】	ありじごく	京都府
ありじごく	ありじごく	【蟻地獄】	ありじごく	大阪府
ももんじゃ	ももんじゃ	【蟻地獄】	ありじごく	兵庫県
えねくぼ	えねくぼ	【蟻地獄】	ありじごく	奈良県
ぜんぜん	ぜんぜん	【蟻地獄】	ありじごく	奈良県
つぼくり	つぼくり	【蟻地獄】	ありじごく	奈良県
おじょげ	おじょげ	【蟻地獄】	ありじごく	和歌山県
ももんじょ	ももんじょ	【蟻地獄】	ありじごく	鳥取県
こもこも	こもこも	【蟻地獄】	ありじごく	鳥取県
こんご	こんご	【蟻地獄】	ありじごく	島根県
きっぽさんじっぽさん	きっぽさんじっぽさん	【蟻地獄】	ありじごく	島根県
こまこま	こまこま	【蟻地獄】	ありじごく	岡山県
あまんじゃく	あまんじゃく	【蟻地獄】	ありじごく	岡山県
いちいち	いちいち	【蟻地獄】	ありじごく	岡山県
ごっとりさん	ごっとりさん	【蟻地獄】	ありじごく	広島県
めめこ	めめこ	【蟻地獄】	ありじごく	広島県
ありじごく	ありじごく	【蟻地獄】	ありじごく	山口県
べこべこ	べこべこ	【蟻地獄】	ありじごく	徳島県
ありじごく	ありじごく	【蟻地獄】	ありじごく	香川県
ぐじゅもり	ぐじゅもり	【蟻地獄】	ありじごく	愛媛県
うずこもり	うずこもり	【蟻地獄】	ありじごく	愛媛県
ありじごく	ありじごく	【蟻地獄】	ありじごく	高知県
ありじごく	ありじごく	【蟻地獄】	ありじごく	福岡県
おこぼ	おこぼ	【蟻地獄】	ありじごく	佐賀県
ありじごく	ありじごく	【蟻地獄】	ありじごく	長崎県
じごむし	じごむし	【蟻地獄】	ありじごく	熊本県
ちもちも	ちもちも	【蟻地獄】	ありじごく	大分県
おこぼ	おこぼ	【蟻地獄】	ありじごく	大分県
じむし	じむし	【蟻地獄】	ありじごく	宮崎県
もっこもっこ	もっこもっこ	【蟻地獄】	ありじごく	鹿児島県
ぼっくい	ぼっくい	【蟻地獄】	ありじごく	鹿児島県
ありじごく	ありじごく	【蟻地獄】	ありじごく	沖縄県
ばった	ばった	【稲子】	いなご	北海道
とらんぼ	とらんぼ	【稲子】	いなご	青森県
はっとぎ	はっとぎ	【稲子】	いなご	岩手県
はったぎ	はったぎ	【稲子】	いなご	宮城県
はったぎ	はったぎ	【稲子】	いなご	秋田県
なご	なご	【稲子】	いなご	山形県
なんご	なんご	【稲子】	いなご	山形県
なご	なご	【稲子】	いなご	福島県
なんご	なんご	【稲子】	いなご	福島県
はねっこ	はねっこ	【稲子】	いなご	茨城県
はねっこ	はねっこ	【稲子】	いなご	栃木県
ないご	ないご	【稲子】	いなご	群馬県
いなご	いなご	【稲子】	いなご	埼玉県
いなご	いなご	【稲子】	いなご	千葉県
いなご	いなご	【稲子】	いなご	東京都
いなご	いなご	【稲子】	いなご	神奈川県
いなご	いなご	【稲子】	いなご	新潟県
いなご	いなご	【稲子】	いなご	富山県
いなご	いなご	【稲子】	いなご	石川県
いなご	いなご	【稲子】	いなご	福井県
いなご	いなご	【稲子】	いなご	山梨県
ばった	ばった	【稲子】	いなご	長野県
とんぱす	とんぱす	【稲子】	いなご	岐阜県
いなんど	いなんど	【稲子】	いなご	静岡県
いなご	いなご	【稲子】	いなご	愛知県
いなご	いなご	【稲子】	いなご	三重県
いなご	いなご	【稲子】	いなご	滋賀県
いなご	いなご	【稲子】	いなご	京都府
いなご	いなご	【稲子】	いなご	大阪府
ちょんぎす	ちょんぎす	【稲子】	いなご	兵庫県
こそのぎ	こそのぎ	【稲子】	いなご	奈良県
いなご	いなご	【稲子】	いなご	和歌山県
ぎす	ぎす	【稲子】	いなご	鳥取県
きいず	きいず	【稲子】	いなご	島根県
いなんご	いなんご	【稲子】	いなご	島根県
いなご	いなご	【稲子】	いなご	岡山県
いなご	いなご	【稲子】	いなご	広島県
いなご	いなご	【稲子】	いなご	山口県
いなご	いなご	【稲子】	いなご	徳島県
いなご	いなご	【稲子】	いなご	香川県
いなご	いなご	【稲子】	いなご	愛媛県
いなご	いなご	【稲子】	いなご	高知県
いなご	いなご	【稲子】	いなご	福岡県
じっと	じっと	【稲子】	いなご	佐賀県
いなご	いなご	【稲子】	いなご	長崎県
ぎめ	ぎめ	【稲子】	いなご	熊本県
いなご	いなご	【稲子】	いなご	大分県
ぎめ	ぎめ	【稲子】	いなご	宮崎県
ぎめ	ぎめ	【稲子】	いなご	鹿児島県
とっぴー	とっぴー	【稲子】	いなご	鹿児島県
んなぐらぜー	んなぐらぜー	【稲子】	いなご	沖縄県
おやき	おやき	【今川焼き】	いまがわやき	北海道
おやき	おやき	【今川焼き】	いまがわやき	青森県
おやき	おやき	【今川焼き】	いまがわやき	岩手県
おおばんやき	おおばんやき	【今川焼き】	いまがわやき	宮城県
おおばんやき	おおばんやき	【今川焼き】	いまがわやき	秋田県
おおばんやき	おおばんやき	【今川焼き】	いまがわやき	山形県
きんつば	きんつば	【今川焼き】	いまがわやき	福島県
おおばんやき	おおばんやき	【今川焼き】	いまがわやき	茨城県
いまがわやき	いまがわやき	【今川焼き】	いまがわやき	栃木県
おおばんやき	おおばんやき	【今川焼き】	いまがわやき	栃木県
いまがわやき	いまがわやき	【今川焼き】	いまがわやき	群馬県
いまがわやき	いまがわやき	【今川焼き】	いまがわやき	埼玉県
いまがわやき	いまがわやき	【今川焼き】	いまがわやき	千葉県
きんつば	きんつば	【今川焼き】	いまがわやき	千葉県
いまがわやき	いまがわやき	【今川焼き】	いまがわやき	東京都
いまがわやき	いまがわやき	【今川焼き】	いまがわやき	神奈川県
おおばんやき	おおばんやき	【今川焼き】	いまがわやき	新潟県
きんつば	きんつば	【今川焼き】	いまがわやき	新潟県
おおばんやき	おおばんやき	【今川焼き】	いまがわやき	富山県
おおばんやき	おおばんやき	【今川焼き】	いまがわやき	石川県
いまがわやき	いまがわやき	【今川焼き】	いまがわやき	福井県
じまんやき	じまんやき	【今川焼き】	いまがわやき	山梨県
おおばんやき	おおばんやき	【今川焼き】	いまがわやき	山梨県
いまがわやき	いまがわやき	【今川焼き】	いまがわやき	長野県
おおばんやき	おおばんやき	【今川焼き】	いまがわやき	岐阜県
おおばんやき	おおばんやき	【今川焼き】	いまがわやき	静岡県
おおばんやき	おおばんやき	【今川焼き】	いまがわやき	愛知県
かいてんやき	かいてんやき	【今川焼き】	いまがわやき	三重県
おおばんやき	おおばんやき	【今川焼き】	いまがわやき	三重県
たいこやき	たいこやき	【今川焼き】	いまがわやき	滋賀県
おおばんやき	おおばんやき	【今川焼き】	いまがわやき	滋賀県
しばらく	しばらく	【今川焼き】	いまがわやき	滋賀県
かいてんやき	かいてんやき	【今川焼き】	いまがわやき	京都府
かいてんやき	かいてんやき	【今川焼き】	いまがわやき	大阪府
ござそうろう	ござそうろう	【今川焼き】	いまがわやき	兵庫県
かいてんやき	かいてんやき	【今川焼き】	いまがわやき	奈良県
かいてんやき	かいてんやき	【今川焼き】	いまがわやき	和歌山県
おおばんやき	おおばんやき	【今川焼き】	いまがわやき	鳥取県
おおばんやき	おおばんやき	【今川焼き】	いまがわやき	島根県
ふうまん	ふうまん	【今川焼き】	いまがわやき	岡山県
にじゅうやき	にじゅうやき	【今川焼き】	いまがわやき	広島県
おおばんやき	おおばんやき	【今川焼き】	いまがわやき	山口県
おおばんやき	おおばんやき	【今川焼き】	いまがわやき	徳島県
おおばんやき	おおばんやき	【今川焼き】	いまがわやき	香川県
たいこまん	たいこまん	【今川焼き】	いまがわやき	愛媛県
たいこまん	たいこまん	【今川焼き】	いまがわやき	高知県
かいてんやき	かいてんやき	【今川焼き】	いまがわやき	福岡県
かいてんやき	かいてんやき	【今川焼き】	いまがわやき	佐賀県
かいてんやき	かいてんやき	【今川焼き】	いまがわやき	長崎県
ほうらくまんじゅう	ほうらくまんじゅう	【今川焼き】	いまがわやき	熊本県
かいてんやき	かいてんやき	【今川焼き】	いまがわやき	大分県
かいてんやき	かいてんやき	【今川焼き】	いまがわやき	宮崎県
かいてんやき	かいてんやき	【今川焼き】	いまがわやき	鹿児島県
おおばんやき	おおばんやき	【今川焼き】	いまがわやき	沖縄県
べこ	べこ	【牛】	うし	北海道
べご	べご	【牛】	うし	北海道
べこ	べこ	【牛】	うし	青森県
べご	べご	【牛】	うし	青森県
べこ	べこ	【牛】	うし	岩手県
べご	べご	【牛】	うし	岩手県
めっか	めっか	【牝牛】	めうし	岩手県
べこ	べこ	【牛】	うし	宮城県
べご	べご	【牛】	うし	宮城県
べここ	べここ	【牛】	うし	宮城県
べこ	べこ	【牛】	うし	秋田県
べご	べご	【牛】	うし	秋田県
おし	おし	【牛】	うし	山形県
べこ	べこ	【牛】	うし	山形県
こでべご	こでべご	【牛】	うし	山形県
べこ	べこ	【牛】	うし	福島県
べご	べご	【牛】	うし	福島県
うしめ	うしめ	【牛】	うし	茨城県
うしめ	うしめ	【牛】	うし	栃木県
うし	うし	【牛】	うし	群馬県
うし	うし	【牛】	うし	埼玉県
うしめ	うしめ	【牛】	うし	千葉県
うし	うし	【牛】	うし	東京都
うし	うし	【牛】	うし	神奈川県
おし	おし	【牛】	うし	新潟県
うし	うし	【牛】	うし	富山県
ばっこ	ばっこ	【牛】	うし	石川県
うし	うし	【牛】	うし	福井県
うしんべぇ	うしんべぇ	【牛】	うし	山梨県
べえぼう	べえぼう	【牛】	うし	長野県
うな	うな	【牛】	うし	岐阜県
うしんべぇ	うしんべぇ	【牛】	うし	静岡県
こてー	こてー	【牛】	うし	静岡県
ぼっこー	ぼっこー	【牛】	うし	静岡県
うしんぼう	うしんぼう	【牛】	うし	愛知県
うし	うし	【牛】	うし	三重県
うしめ	うしめ	【牛】	うし	滋賀県
うな	うな	【牛】	うし	京都府
おんた	おんた	【牡牛】	おすうし	大阪府
うなめ	うなめ	【牝牛】	めうし	大阪府
めんた	めんた	【牝牛】	めうし	大阪府
ことい	ことい	【牡牛】	おすうし	兵庫県
めんうし	めんうし	【牝牛】	めうし	兵庫県
おんた	おんた	【牡牛】	おすうし	奈良県
うなめ	うなめ	【牝牛】	めうし	奈良県
めんた	めんた	【牝牛】	めうし	奈良県
おんた	おんた	【牡牛】	おすうし	和歌山県
うなめ	うなめ	【牝牛】	めうし	和歌山県
めんた	めんた	【牝牛】	めうし	和歌山県
こって	こって	【牡牛】	おすうし	鳥取県
おなめ	おなめ	【牝牛】	めうし	鳥取県
おし	おし	【牛】	うし	島根県
たし	たし	【牛】	うし	島根県
おなめ	おなめ	【牝牛】	めうし	島根県
おなんこ	おなんこ	【牝牛】	めうし	島根県
ことい	ことい	【牡牛】	おすうし	岡山県
こってー	こってー	【牡牛】	おすうし	岡山県
おなみ	おなみ	【牝牛】	めうし	岡山県
おんなみ	おんなみ	【牝牛】	めうし	岡山県
ばし	ばし	【牝牛】	めうし	岡山県
こってうし	こってうし	【虚勢をする前の牛】	きょせいをするまえのうし	広島県
ばし	ばし	【牝牛】	めうし	広島県
べっち	べっち	【子牛】	こうし	広島県
べべこ	べべこ	【子牛】	こうし	広島県
こっとい	こっとい	【牡牛】	おすうし	山口県
こっとい	こっとい	【牡牛】	おすうし	徳島県
うし	うし	【牛】	うし	香川県
べべ	べべ	【子牛】	こうし	香川県
べこ	べこ	【牛】	うし	愛媛県
こっとい	こっとい	【牡牛】	おすうし	愛媛県
こっとい	こっとい	【牡牛】	おすうし	高知県
うし	うし	【牛】	うし	福岡県
うしのこ	うしのこ	【牛の子】	うしのこ	佐賀県
こってうし	こってうし	【牡牛】	おすうし	佐賀県
こってうし	こってうし	【牡牛】	おすうし	長崎県
うの	うの	【牝牛】	めうし	長崎県
こってうし	こってうし	【牡牛】	おすうし	熊本県
うなめ	うなめ	【牝牛】	めうし	大分県
ぼいぼい	ぼいぼい	【子牛】	こうし	大分県
べーべー	べーべー	【子牛】	こうし	大分県
べべんこ	べべんこ	【子牛】	こうし	大分県
ばいばい	ばいばい	【子牛】	こうし	大分県
だあだあ	だあだあ	【子牛】	こうし	大分県
べぶ	べぶ	【牛】	うし	宮崎県
べぶ	べぶ	【牛】	うし	鹿児島県
うしもーもー	うしもーもー	【牛】	うし	沖縄県
うす	うす	【牛】	うし	沖縄県
みーうし	みーうし	【牝牛】	めうし	沖縄県
うわぐつ	うわぐつ	【上履き】	うわばき	北海道
ずっく	ずっく	【上履き】	うわばき	青森県
ずっく	ずっく	【上履き】	うわばき	岩手県
うわぐつ	うわぐつ	【上履き】	うわばき	宮城県
ずっく	ずっく	【上履き】	うわばき	秋田県
うわばき	うわばき	【上履き】	うわばき	山形県
うわばき	うわばき	【上履き】	うわばき	福島県
うわばき	うわばき	【上履き】	うわばき	茨城県
うわばき	うわばき	【上履き】	うわばき	栃木県
うわばき	うわばき	【上履き】	うわばき	群馬県
うわばき	うわばき	【上履き】	うわばき	埼玉県
うわばき	うわばき	【上履き】	うわばき	千葉県
うわばき	うわばき	【上履き】	うわばき	東京都
うわばき	うわばき	【上履き】	うわばき	神奈川県
うちばき	うちばき	【上履き】	うわばき	新潟県
うちばき	うちばき	【上履き】	うわばき	富山県
うちばき	うちばき	【上履き】	うわばき	石川県
うちずっく	うちずっく	【上履き】	うわばき	福井県
うわばき	うわばき	【上履き】	うわばき	山梨県
うわばき	うわばき	【上履き】	うわばき	長野県
うわばき	うわばき	【上履き】	うわばき	岐阜県
うわばき	うわばき	【上履き】	うわばき	静岡県
うわばき	うわばき	【上履き】	うわばき	愛知県
うわぐつ	うわぐつ	【上履き】	うわばき	三重県
うわぐつ	うわぐつ	【上履き】	うわばき	滋賀県
うわぐつ	うわぐつ	【上履き】	うわばき	京都府
うわぐつ	うわぐつ	【上履き】	うわばき	大阪府
うわばき	うわばき	【上履き】	うわばき	兵庫県
うわぐつ	うわぐつ	【上履き】	うわばき	奈良県
ばれーしゅーず	ばれーしゅーず	【上履き】	うわばき	和歌山県
うわばき	うわばき	【上履き】	うわばき	鳥取県
うわばき	うわばき	【上履き】	うわばき	島根県
うわばき	うわばき	【上履き】	うわばき	岡山県
うわばき	うわばき	【上履き】	うわばき	広島県
うわばき	うわばき	【上履き】	うわばき	山口県
うわばき	うわばき	【上履き】	うわばき	徳島県
うわぐつ	うわぐつ	【上履き】	うわばき	香川県
うわぐつ	うわぐつ	【上履き】	うわばき	愛媛県
うわぐつ	うわぐつ	【上履き】	うわばき	高知県
うわぐつ	うわぐつ	【上履き】	うわばき	福岡県
うわぐつ	うわぐつ	【上履き】	うわばき	佐賀県
うわばき	うわばき	【上履き】	うわばき	長崎県
うわぐつ	うわぐつ	【上履き】	うわばき	熊本県
うわぐつ	うわぐつ	【上履き】	うわばき	大分県
うわばき	うわばき	【上履き】	うわばき	宮崎県
うわばき	うわばき	【上履き】	うわばき	鹿児島県
うわばき	うわばき	【上履き】	うわばき	沖縄県
おおみそか	おおみそか	【大晦日】	おおみそか	北海道
としとり	としとり	【大晦日】	おおみそか	北海道
おおみそか	おおみそか	【大晦日】	おおみそか	青森県
おおみそか	おおみそか	【大晦日】	おおみそか	岩手県
おどすとり	おどすとり	【大晦日】	おおみそか	宮城県
おおみそか	おおみそか	【大晦日】	おおみそか	秋田県
おおみそか	おおみそか	【大晦日】	おおみそか	山形県
としや	としや	【大晦日】	おおみそか	福島県
おおみそか	おおみそか	【大晦日】	おおみそか	茨城県
おおみそか	おおみそか	【大晦日】	おおみそか	栃木県
おおみそか	おおみそか	【大晦日】	おおみそか	群馬県
おおみそか	おおみそか	【大晦日】	おおみそか	埼玉県
おおみそか	おおみそか	【大晦日】	おおみそか	千葉県
おおみそか	おおみそか	【大晦日】	おおみそか	東京都
おおみそか	おおみそか	【大晦日】	おおみそか	神奈川県
としや	としや	【大晦日】	おおみそか	新潟県
おおみそか	おおみそか	【大晦日】	おおみそか	富山県
おおみそか	おおみそか	【大晦日】	おおみそか	石川県
おおみそか	おおみそか	【大晦日】	おおみそか	福井県
おおみそか	おおみそか	【大晦日】	おおみそか	山梨県
おとしとり	おとしとり	【大晦日】	おおみそか	長野県
おおみそか	おおみそか	【大晦日】	おおみそか	岐阜県
おおつも	おおつも	【大晦日】	おおみそか	静岡県
おおつもご	おおつもご	【大晦日】	おおみそか	愛知県
おおつもご	おおつもご	【大晦日】	おおみそか	三重県
おおみそか	おおみそか	【大晦日】	おおみそか	滋賀県
おおみそか	おおみそか	【大晦日】	おおみそか	京都府
おおみそか	おおみそか	【大晦日】	おおみそか	大阪府
おおみそか	おおみそか	【大晦日】	おおみそか	兵庫県
おおみそか	おおみそか	【大晦日】	おおみそか	奈良県
おおみそか	おおみそか	【大晦日】	おおみそか	和歌山県
おおつもごり	おおつもごり	【大晦日】	おおみそか	鳥取県
おおつもぐり	おおつもぐり	【大晦日】	おおみそか	島根県
おーとし	おーとし	【大晦日】	おおみそか	島根県
おおみそか	おおみそか	【大晦日】	おおみそか	岡山県
おおみそか	おおみそか	【大晦日】	おおみそか	広島県
おおみそか	おおみそか	【大晦日】	おおみそか	山口県
おつごも	おつごも	【大晦日】	おおみそか	徳島県
おおつもご	おおつもご	【大晦日】	おおみそか	香川県
おつもご	おつもご	【大晦日】	おおみそか	愛媛県
おおつもご	おおつもご	【大晦日】	おおみそか	高知県
おおみそか	おおみそか	【大晦日】	おおみそか	福岡県
おおみそか	おおみそか	【大晦日】	おおみそか	佐賀県
おおみそか	おおみそか	【大晦日】	おおみそか	長崎県
おおみそか	おおみそか	【大晦日】	おおみそか	熊本県
おおみそか	おおみそか	【大晦日】	おおみそか	大分県
おおみそか	おおみそか	【大晦日】	おおみそか	宮崎県
としのばん	としのばん	【大晦日】	おおみそか	鹿児島県
とぅしのゆるー	とぅしのゆるー	【大晦日】	おおみそか	沖縄県
けっつ	けっつ	【お尻】	おしり	北海道
どんず	どんず	【お尻】	おしり	北海道
けっつ	けっつ	【お尻】	おしり	青森県
どんず	どんず	【お尻】	おしり	青森県
けっつ	けっつ	【お尻】	おしり	岩手県
けっつ	けっつ	【お尻】	おしり	宮城県
けつ	けつ	【お尻】	おしり	宮城県
けつ	けつ	【お尻】	おしり	秋田県
けっち	けっち	【お尻】	おしり	秋田県
けっつ	けっつ	【お尻】	おしり	山形県
けつ	けつ	【お尻】	おしり	福島県
げす	げす	【お尻】	おしり	福島県
けつ	けつ	【お尻】	おしり	茨城県
けづ	けづ	【お尻】	おしり	茨城県
けつっぺた	けつっぺた	【お尻】	おしり	栃木県
しりっぺた	しりっぺた	【お尻】	おしり	栃木県
けつっぺた	けつっぺた	【お尻】	おしり	群馬県
けつ	けつ	【お尻】	おしり	埼玉県
しり	しり	【お尻】	おしり	千葉県
しり	しり	【お尻】	おしり	東京都
でんぼ	でんぼ	【お尻】	おしり	神奈川県
しっぺた	しっぺた	【お尻】	おしり	新潟県
げすべた	げすべた	【お尻】	おしり	富山県
しちべた	しちべた	【お尻】	おしり	富山県
おんどび	おんどび	【お尻】	おしり	石川県
しちべた	しちべた	【お尻】	おしり	石川県
げす	げす	【お尻】	おしり	石川県
けつべった	けつべった	【お尻】	おしり	福井県
けつ	けつ	【お尻】	おしり	山梨県
けつっぺた	けつっぺた	【お尻】	おしり	山梨県
おけつ	おけつ	【お尻】	おしり	長野県
しりこぶた	しりこぶた	【お尻】	おしり	岐阜県
けつ	けつ	【お尻】	おしり	静岡県
おけつ	おけつ	【お尻】	おしり	愛知県
おいど	おいど	【お尻】	おしり	愛知県
しりこぷた	しりこぷた	【お尻】	おしり	愛知県
おいど	おいど	【お尻】	おしり	三重県
おいど	おいど	【お尻】	おしり	滋賀県
おいど	おいど	【お尻】	おしり	京都府
おいど	おいど	【お尻】	おしり	大阪府
おいど	おいど	【お尻】	おしり	兵庫県
しりこぶた	しりこぶた	【お尻】	おしり	兵庫県
じご	じご	【お尻】	おしり	兵庫県
しりかばち	しりかばち	【お尻】	おしり	兵庫県
おいど	おいど	【お尻】	おしり	奈良県
けつ	けつ	【お尻】	おしり	和歌山県
ひちべ	ひちべ	【お尻】	おしり	鳥取県
いど	いど	【お尻】	おしり	島根県
おいど	おいど	【お尻】	おしり	島根県
えど	えど	【お尻】	おしり	島根県
えどけつ	えどけつ	【お尻】	おしり	島根県
えどんぼう	えどんぼう	【お尻】	おしり	島根県
けつ	けつ	【お尻】	おしり	岡山県
どんず	どんず	【お尻】	おしり	岡山県
けつ	けつ	【お尻】	おしり	広島県
しりかぶと	しりかぶと	【お尻】	おしり	山口県
つべ	つべ	【お尻】	おしり	山口県
おかぶ	おかぶ	【お尻】	おしり	山口県
つべ	つべ	【お尻】	おしり	徳島県
つべこぶた	つべこぶた	【お尻】	おしり	徳島県
おいど	おいど	【お尻】	おしり	香川県
しりこぶた	しりこぶた	【お尻】	おしり	香川県
つべ	つべ	【お尻】	おしり	愛媛県
おいど	おいど	【お尻】	おしり	高知県
しりかぶと	しりかぶと	【お尻】	おしり	高知県
おけつ	おけつ	【お尻】	おしり	福岡県
しりかぶと	しりかぶと	【お尻】	おしり	福岡県
しー	しー	【お尻】	おしり	佐賀県
しっぺた	しっぺた	【お尻】	おしり	佐賀県
じご	じご	【お尻】	おしり	長崎県
ずべ	ずべ	【お尻】	おしり	長崎県
しりべた	しりべた	【お尻】	おしり	長崎県
じご	じご	【お尻】	おしり	熊本県
いど	いど	【お尻】	おしり	大分県
しりかぶと	しりかぶと	【お尻】	おしり	大分県
しりかぶと	しりかぶと	【お尻】	おしり	宮崎県
しりかぶたん	しりかぶたん	【お尻】	おしり	宮崎県
げん	げん	【お尻】	おしり	鹿児島県
けっちゅ	けっちゅ	【お尻】	おしり	鹿児島県
じご	じご	【お尻】	おしり	鹿児島県
つぃび	つぃび	【お尻】	おしり	沖縄県
ちび	ちび	【お尻】	おしり	沖縄県
いーちび	いーちび	【お尻】	おしり	沖縄県
がいるご	がいるご	【御玉杓子】	おたまじゃくし	北海道
もっけのまいこ	もっけのまいこ	【御玉杓子】	おたまじゃくし	青森県
ぎゃらご	ぎゃらご	【御玉杓子】	おたまじゃくし	岩手県
げろご	げろご	【御玉杓子】	おたまじゃくし	宮城県
ぎゃらぐど	ぎゃらぐど	【御玉杓子】	おたまじゃくし	秋田県
ぎゃらくと	ぎゃらくと	【御玉杓子】	おたまじゃくし	山形県
おたまじゃくし	おたまじゃくし	【御玉杓子】	おたまじゃくし	福島県
かえるこんぼ	かえるこんぼ	【御玉杓子】	おたまじゃくし	茨城県
ばばすこ	ばばすこ	【御玉杓子】	おたまじゃくし	栃木県
ばばんご	ばばんご	【御玉杓子】	おたまじゃくし	群馬県
おたまじゃくし	おたまじゃくし	【御玉杓子】	おたまじゃくし	埼玉県
じょんごろ	じょんごろ	【御玉杓子】	おたまじゃくし	千葉県
おたまじゃくし	おたまじゃくし	【御玉杓子】	おたまじゃくし	東京都
おたまじゃくし	おたまじゃくし	【御玉杓子】	おたまじゃくし	神奈川県
げぁーちま	げぁーちま	【御玉杓子】	おたまじゃくし	新潟県
おたまじゃくし	おたまじゃくし	【御玉杓子】	おたまじゃくし	富山県
おたまじゃくし	おたまじゃくし	【御玉杓子】	おたまじゃくし	石川県
おたまじゃくし	おたまじゃくし	【御玉杓子】	おたまじゃくし	福井県
おたまじゃくし	おたまじゃくし	【御玉杓子】	おたまじゃくし	山梨県
おたまっこ	おたまっこ	【御玉杓子】	おたまじゃくし	長野県
どだま	どだま	【御玉杓子】	おたまじゃくし	岐阜県
おたまっこ	おたまっこ	【御玉杓子】	おたまじゃくし	静岡県
だんまぐつ	だんまぐつ	【御玉杓子】	おたまじゃくし	愛知県
おたまじゃくし	おたまじゃくし	【御玉杓子】	おたまじゃくし	三重県
おたまじゃくし	おたまじゃくし	【御玉杓子】	おたまじゃくし	滋賀県
おたまじゃくし	おたまじゃくし	【御玉杓子】	おたまじゃくし	京都府
おたまじゃくし	おたまじゃくし	【御玉杓子】	おたまじゃくし	大阪府
おたまじゃくし	おたまじゃくし	【御玉杓子】	おたまじゃくし	兵庫県
がいろくだま	がいろくだま	【御玉杓子】	おたまじゃくし	奈良県
かいるご	かいるご	【御玉杓子】	おたまじゃくし	和歌山県
おたまじゃくし	おたまじゃくし	【御玉杓子】	おたまじゃくし	鳥取県
おたまじゃくし	おたまじゃくし	【御玉杓子】	おたまじゃくし	島根県
おたまじゃくし	おたまじゃくし	【御玉杓子】	おたまじゃくし	岡山県
どべらこ	どべらこ	【御玉杓子】	おたまじゃくし	広島県
たふぐ	たふぐ	【御玉杓子】	おたまじゃくし	山口県
おたまじゃくし	おたまじゃくし	【御玉杓子】	おたまじゃくし	徳島県
おたまじゃくし	おたまじゃくし	【御玉杓子】	おたまじゃくし	香川県
おたまじゃくし	おたまじゃくし	【御玉杓子】	おたまじゃくし	愛媛県
おたまじゃくし	おたまじゃくし	【御玉杓子】	おたまじゃくし	高知県
げえり	げえり	【御玉杓子】	おたまじゃくし	福岡県
げえりこ	げえりこ	【御玉杓子】	おたまじゃくし	福岡県
おたまじゃくし	おたまじゃくし	【御玉杓子】	おたまじゃくし	佐賀県
ぎゃりこ	ぎゃりこ	【御玉杓子】	おたまじゃくし	長崎県
おろろんこ	おろろんこ	【御玉杓子】	おたまじゃくし	熊本県
おたまじゃくし	おたまじゃくし	【御玉杓子】	おたまじゃくし	大分県
げるのこ	げるのこ	【御玉杓子】	おたまじゃくし	宮崎県
げいのこ	げいのこ	【御玉杓子】	おたまじゃくし	鹿児島県
げーのこ	げーのこ	【御玉杓子】	おたまじゃくし	鹿児島県
あみなー	あみなー	【御玉杓子】	おたまじゃくし	沖縄県
おつまみ	おつまみ	【お摘み】	おつまみ	北海道
すばで	すばで	【お摘み】	おつまみ	青森県
おすばで	おすばで	【お摘み】	おつまみ	青森県
すばで	すばで	【お摘み】	おつまみ	岩手県
おすばで	おすばで	【お摘み】	おつまみ	岩手県
すばで	すばで	【お摘み】	おつまみ	宮城県
おすばで	おすばで	【お摘み】	おつまみ	宮城県
おつまみ	おつまみ	【お摘み】	おつまみ	秋田県
おつまみ	おつまみ	【お摘み】	おつまみ	山形県
おつまみ	おつまみ	【お摘み】	おつまみ	福島県
おつまみ	おつまみ	【お摘み】	おつまみ	茨城県
おつまみ	おつまみ	【お摘み】	おつまみ	栃木県
おつまみ	おつまみ	【お摘み】	おつまみ	群馬県
おつまみ	おつまみ	【お摘み】	おつまみ	埼玉県
おつまみ	おつまみ	【お摘み】	おつまみ	千葉県
おつまみ	おつまみ	【お摘み】	おつまみ	東京都
おつまみ	おつまみ	【お摘み】	おつまみ	神奈川県
おつまみ	おつまみ	【お摘み】	おつまみ	新潟県
おつまみ	おつまみ	【お摘み】	おつまみ	富山県
おつまみ	おつまみ	【お摘み】	おつまみ	石川県
おつまみ	おつまみ	【お摘み】	おつまみ	福井県
おつまみ	おつまみ	【お摘み】	おつまみ	山梨県
おつまみ	おつまみ	【お摘み】	おつまみ	長野県
おつまみ	おつまみ	【お摘み】	おつまみ	岐阜県
おつまみ	おつまみ	【お摘み】	おつまみ	静岡県
おつまみ	おつまみ	【お摘み】	おつまみ	愛知県
あて	あて	【お摘み】	おつまみ	三重県
あて	あて	【お摘み】	おつまみ	滋賀県
あて	あて	【お摘み】	おつまみ	京都府
あて	あて	【お摘み】	おつまみ	大阪府
あて	あて	【お摘み】	おつまみ	兵庫県
あて	あて	【お摘み】	おつまみ	奈良県
あて	あて	【お摘み】	おつまみ	和歌山県
おつまみ	おつまみ	【お摘み】	おつまみ	鳥取県
おつまみ	おつまみ	【お摘み】	おつまみ	島根県
おつまみ	おつまみ	【お摘み】	おつまみ	岡山県
おつまみ	おつまみ	【お摘み】	おつまみ	広島県
おつまみ	おつまみ	【お摘み】	おつまみ	山口県
おつまみ	おつまみ	【お摘み】	おつまみ	徳島県
おつまみ	おつまみ	【お摘み】	おつまみ	香川県
おつまみ	おつまみ	【お摘み】	おつまみ	愛媛県
あて	あて	【お摘み】	おつまみ	高知県
おつまみ	おつまみ	【お摘み】	おつまみ	福岡県
しゃー	しゃー	【お摘み】	おつまみ	佐賀県
しゃー	しゃー	【お摘み】	おつまみ	長崎県
おつまみ	おつまみ	【お摘み】	おつまみ	熊本県
おつまみ	おつまみ	【お摘み】	おつまみ	大分県
おつまみ	おつまみ	【お摘み】	おつまみ	宮崎県
しょけ	しょけ	【お摘み】	おつまみ	鹿児島県
おつまみ	おつまみ	【お摘み】	おつまみ	沖縄県
あやこ	あやこ	【お手玉】	おてだま	北海道
あやこ	あやこ	【お手玉】	おてだま	青森県
おだま	おだま	【お手玉】	おてだま	岩手県
がいき	がいき	【お手玉】	おてだま	宮城県
ざんめす	ざんめす	【お手玉】	おてだま	宮城県
だまこ	だまこ	【お手玉】	おてだま	秋田県
がっき	がっき	【お手玉】	おてだま	山形県
いしなご	いしなご	【お手玉】	おてだま	福島県
おしなご	おしなご	【お手玉】	おてだま	茨城県
おなんこ	おなんこ	【お手玉】	おてだま	茨城県
おひとつ	おひとつ（東部）	【お手玉】	おてだま	栃木県
なんご	なんご（南部）	【お手玉】	おてだま	栃木県
おてだま	おてだま	【お手玉】	おてだま	群馬県
おじゃみ	おじゃみ	【お手玉】	おてだま	埼玉県
おてだま	おてだま	【お手玉】	おてだま	千葉県
おてだま	おてだま	【お手玉】	おてだま	東京都
おじゃみ	おじゃみ	【お手玉】	おてだま	神奈川県
ざっき	ざっき	【お手玉】	おてだま	新潟県
おじゃみ	おじゃみ	【お手玉】	おてだま	富山県
おじゃみ	おじゃみ	【お手玉】	おてだま	石川県
おじゃみ	おじゃみ	【お手玉】	おてだま	福井県
おじゃみ	おじゃみ	【お手玉】	おてだま	山梨県
あやおり	あやおり	【お手玉】	おてだま	長野県
おにんく	おにんく（佐久地方）	【お手玉】	おてだま	長野県
いしなご	いしなご（大垣）	【お手玉】	おてだま	岐阜県
うけだま	うけだま	【お手玉】	おてだま	岐阜県
おじゃみ	おじゃみ	【お手玉】	おてだま	静岡県
おじゃみ	おじゃみ	【お手玉】	おてだま	愛知県
おてだま	おてだま	【お手玉】	おてだま	三重県
おじゃみ	おじゃみ	【お手玉】	おてだま	滋賀県
おこんめ	おこんめ	【お手玉】	おてだま	滋賀県
おじゃみ	おじゃみ	【お手玉】	おてだま	京都府
おじゃみ	おじゃみ	【お手玉】	おてだま	大阪府
おじゃみ	おじゃみ	【お手玉】	おてだま	兵庫県
おじゃみ	おじゃみ	【お手玉】	おてだま	奈良県
おてだま	おてだま	【お手玉】	おてだま	和歌山県
おてだま	おてだま	【お手玉】	おてだま	鳥取県
おじゃみ	おじゃみ	【お手玉】	おてだま	島根県
おてだま	おてだま	【お手玉】	おてだま	岡山県
おじゃみ	おじゃみ	【お手玉】	おてだま	広島県
おじゃみ	おじゃみ	【お手玉】	おてだま	山口県
おじゃみ	おじゃみ	【お手玉】	おてだま	徳島県
いしなご	いしなご	【お手玉】	おてだま	徳島県
おじゃみ	おじゃみ	【お手玉】	おてだま	香川県
おじゃみ	おじゃみ	【お手玉】	おてだま	愛媛県
おじゃみ	おじゃみ	【お手玉】	おてだま	高知県
おてだま	おてだま	【お手玉】	おてだま	福岡県
おてだま	おてだま	【お手玉】	おてだま	佐賀県
おてだま	おてだま	【お手玉】	おてだま	長崎県
おじゃみ	おじゃみ	【お手玉】	おてだま	熊本県
おじゃみ	おじゃみ	【お手玉】	おてだま	大分県
おじゃみ	おじゃみ	【お手玉】	おてだま	宮崎県
ちょろじょ	ちょろじょ	【お手玉】	おてだま	鹿児島県
おーしーとー	おーしーとー	【お手玉】	おてだま	沖縄県
ちゃり	ちゃり	【自転車】	じてんしゃ	青森県
すてんしゃ	すてんしゃ	【自転車】	じてんしゃ	青森県
ちゃり	ちゃり	【自転車】	じてんしゃ	岩手県
ちゃり	ちゃり	【自転車】	じてんしゃ	宮城県
ちゃり	ちゃり	【自転車】	じてんしゃ	秋田県
ちゃり	ちゃり	【自転車】	じてんしゃ	山形県
ちゃり	ちゃり	【自転車】	じてんしゃ	福島県
じでんしゃ	じでんしゃ	【自転車】	じてんしゃ	福島県
ちゃり	ちゃり	【自転車】	じてんしゃ	茨城県
ちゃりき	ちゃりき	【自転車】	じてんしゃ	茨城県
ちゃりんこ	ちゃりんこ	【自転車】	じてんしゃ	茨城県
ちゃり	ちゃり	【自転車】	じてんしゃ	栃木県
ちゃりんこ	ちゃりんこ	【自転車】	じてんしゃ	栃木県
ちゃり	ちゃり	【自転車】	じてんしゃ	群馬県
ちゃりんこ	ちゃりんこ	【自転車】	じてんしゃ	群馬県
ちゃり	ちゃり	【自転車】	じてんしゃ	埼玉県
ちゃりんこ	ちゃりんこ	【自転車】	じてんしゃ	埼玉県
ちゃり	ちゃり	【自転車】	じてんしゃ	千葉県
ちゃりんこ	ちゃりんこ	【自転車】	じてんしゃ	千葉県
じでんしゃ	じでんしゃ	【自転車】	じてんしゃ	千葉県
ちゃり	ちゃり	【自転車】	じてんしゃ	東京都
ちゃりんこ	ちゃりんこ	【自転車】	じてんしゃ	東京都
ちゃり	ちゃり	【自転車】	じてんしゃ	神奈川県
ちゃりんこ	ちゃりんこ	【自転車】	じてんしゃ	神奈川県
ちゃり	ちゃり	【自転車】	じてんしゃ	新潟県
けった	けった	【自転車】	じてんしゃ	富山県
じでんしゃ	じでんしゃ	【自転車】	じてんしゃ	富山県
ちゃり	ちゃり	【自転車】	じてんしゃ	富山県
ちゃり	ちゃり	【自転車】	じてんしゃ	石川県
ちゃり	ちゃり	【自転車】	じてんしゃ	福井県
ちゃり	ちゃり	【自転車】	じてんしゃ	山梨県
ちゃり	ちゃり	【自転車】	じてんしゃ	長野県
ちゃりんこ	ちゃりんこ	【自転車】	じてんしゃ	長野県
けった	けった	【自転車】	じてんしゃ	岐阜県
けったましーん	けったましーん	【自転車】	じてんしゃ	岐阜県
ちゃり	ちゃり	【自転車】	じてんしゃ	岐阜県
けった	けった	【自転車】	じてんしゃ	静岡県
ちゃり	ちゃり	【自転車】	じてんしゃ	静岡県
けった	けった	【自転車】	じてんしゃ	愛知県
けったましーん	けったましーん	【自転車】	じてんしゃ	愛知県
ちゃり	ちゃり	【自転車】	じてんしゃ	愛知県
けった	けった	【自転車】	じてんしゃ	三重県
ちゃり	ちゃり	【自転車】	じてんしゃ	三重県
けった	けった	【自転車】	じてんしゃ	滋賀県
ちゃり	ちゃり	【自転車】	じてんしゃ	滋賀県
ちゃり	ちゃり	【自転車】	じてんしゃ	京都府
ちゃりんこ	ちゃりんこ	【自転車】	じてんしゃ	京都府
ちゃりんこ	ちゃりんこ	【自転車】	じてんしゃ	大阪府
ちゃり	ちゃり	【自転車】	じてんしゃ	大阪府
ちゃりき	ちゃりき	【自転車】	じてんしゃ	大阪府
ちゃりん	ちゃりん	【自転車】	じてんしゃ	兵庫県
ちゃり	ちゃり	【自転車】	じてんしゃ	兵庫県
ちゃりき	ちゃりき	【自転車】	じてんしゃ	兵庫県
ちゃり	ちゃり	【自転車】	じてんしゃ	奈良県
じてこ	じてこ	【自転車】	じてんしゃ	和歌山県
ちゃり	ちゃり	【自転車】	じてんしゃ	和歌山県
てこ	てこ	【自転車】	じてんしゃ	和歌山県
ちゃり	ちゃり	【自転車】	じてんしゃ	鳥取県
ちゃりんこ	ちゃりんこ	【自転車】	じてんしゃ	鳥取県
ちゃり	ちゃり	【自転車】	じてんしゃ	島根県
ちゃりんこ	ちゃりんこ	【自転車】	じてんしゃ	島根県
ちゃり	ちゃり	【自転車】	じてんしゃ	岡山県
ちゃりんこ	ちゃりんこ	【自転車】	じてんしゃ	岡山県
ちゃり	ちゃり	【自転車】	じてんしゃ	広島県
ちゃりんこ	ちゃりんこ	【自転車】	じてんしゃ	広島県
ちゃり	ちゃり	【自転車】	じてんしゃ	山口県
ちゃりんこ	ちゃりんこ	【自転車】	じてんしゃ	山口県
ちゃり	ちゃり	【自転車】	じてんしゃ	徳島県
ふんだらもーたー	ふんだらもーたー	【自転車】	じてんしゃ	徳島県
ちゃり	ちゃり	【自転車】	じてんしゃ	香川県
ふんだらまう	ふんだらまう	【自転車】	じてんしゃ	香川県
ちゃり	ちゃり	【自転車】	じてんしゃ	愛媛県
けったくるばいく	けったくるばいく	【自転車】	じてんしゃ	愛媛県
ちゃり	ちゃり	【自転車】	じてんしゃ	高知県
じでんしゃ	じでんしゃ	【自転車】	じてんしゃ	福岡県
ちゃり	ちゃり	【自転車】	じてんしゃ	福岡県
けったくり	けったくり	【自転車】	じてんしゃ	佐賀県
ちゃり	ちゃり	【自転車】	じてんしゃ	佐賀県
ちゃり	ちゃり	【自転車】	じてんしゃ	長崎県
ちゃり	ちゃり	【自転車】	じてんしゃ	熊本県
ちゃり	ちゃり	【自転車】	じてんしゃ	大分県
けったくり	けったくり	【自転車】	じてんしゃ	宮崎県
ちゃり	ちゃり	【自転車】	じてんしゃ	宮崎県
ちゃり	ちゃり	【自転車】	じてんしゃ	鹿児島県
じてぃんしゃ	じてぃんしゃ	【自転車】	じてんしゃ	沖縄県
あいてくさい	あいてくさい	【相手にならない】	あいてにならない	北海道
アイヌ	アイヌ	【人間】	にんげん	北海道
あいぬいぬ	アイヌいぬ	【北海道犬】	ほっかいどうけん	北海道
あいぬけん	アイヌけん	【北海道犬】	ほっかいどうけん	北海道
あいぬご	アイヌご	【アイヌ語】	あいぬご	北海道
あいぬねぎ	アイヌねぎ	【行者にんにく】	ぎょうじゃにんにく	北海道
あかがい	あかがい	【バカガイ】	ばかがい	北海道
あかだも	あかだも	【ハルニレ】	はるにれ	北海道
あかだものきのこ	あかだものきのこ	【タモギタケ】	たもぎたけ	北海道
あかれんが	あかれんが	【赤レンガ】	あかれんが	北海道
あきあじ	あきあじ	【鮭】	さけ	北海道
アスピリンスノー	アスピリンスノー	【さらさらした雪】	さらさらしたゆき	北海道
あずま	あづま	【厚真】	あつま	北海道
あおたん	あおたん	【青あざ】	あおあざ	北海道
あく	あく	【灰】	はい	北海道
あくど	あくど	【かかと】	かかと	北海道
あしたあさって	あしたあさって	【あさって】	あさって	北海道
あずましい	あずましい	【居心地がいい】	いごこちがいい	北海道
あずましくない	あずましくない	【居心地が悪い】	いごこちがわるい	北海道
あずる	あずる	【手こずる】	てこずる	北海道
ぬるまっこい	ぬるまっこい	【ぬるい】	ぬるい	北海道
ぬくまる	ぬくまる	【温まる】	あたたまる	北海道
あったら	あったら	【あんな】	あんな	北海道
あっちゃ	あっちゃ	【あっち】	あっち	北海道
あっちゃこっちゃ	あっちゃこっちゃ	【あちこち】	あちこち	北海道
あっぱくさい	あっぱくさい	【たやすい】	たやすい	北海道
あっぺ	あっぺ	【あべこべ】	あべこべ	北海道
あっぺこっぺ	あっぺこっぺ	【あべこべ】	あべこべ	北海道
あなづり	あなづり	【穴釣り】	あなづり	北海道
あわくう	あわくう	【慌てる】	あわてる	北海道
あぶらこ	あぶらこ	【アイナメ】	あいなめ	北海道
あまされる	あまされる	【仲間外れにされる】	なかまはずれにされる	北海道
あます	あます	【もてあます】	もてあます	北海道
あまらかす	あまらかす	【余す】	あます	北海道
あまらす	あまらす	【余す】	あます	北海道
あめる	あめる	【腐る】	くさる	北海道
あらまき	あらまき	【塩鮭】	しおじゃけ	北海道
あらまきざけ	あらまきざけ	【塩鮭】	しおじゃけ	北海道
あらまきじゃけ	あらまきじゃけ	【塩鮭】	しおじゃけ	北海道
あんばいわるい	あんばいわるい	【具合が悪い】	ぐあいがわるい	北海道
でないかい	でないかい	【ではないですか】	ではないですか	北海道
あずましい	あずましい	【落ち着く】	おちつく	北海道
あやつける	あやつける	【気取る】	きどる	北海道
ありがたくなる	ありがたくなる	【眠くなる】	ねむくなる	北海道
いずい	いずい	【しっくりこない】	しっくりこない	北海道
うそこぎ	うそこぎ	【嘘つき】	うそつき	北海道
おだつ	おだつ	【調子に乗る】	ちょうしにのる	北海道
おばんです	おばんです	【こんばんは】	こんばんは	北海道
おんた	おんた	【オス】	おす	北海道
がさい	がさい	【カッコ悪い】	かっこわるい	北海道
がっちゃい	がっちゃい	【カッコ悪い】	かっこわるい	北海道
がっさい	がっさい	【カッコ悪い】	かっこわるい	北海道
がっちゃき	がっちゃき	【できもの】	できもの	北海道
かっちゃましい	かっちゃましい	【うるさい】	うるさい	北海道
かぶれくさい	かぶれくさい	【カビ臭い】	かびくさい	北海道
かぶれる	かぶれる	【カビが生える】	かびがはえる	北海道
がんべ	がんべ	【できもの】	できもの	北海道
きかない	きかない	【気が強い】	きがつよい	北海道
きりょーよし	きりょーよし	【美人】	びじん	北海道
けっぱる	けっぱる	【がんばる】	がんばる	北海道
けっぱれ	けっぱれ	【がんばれ】	がんばれ	北海道
こたえる	こたえる	【困る】	こまる	北海道
こわい	こわい	【疲れた】	つかれた	北海道
ざんぎ	ざんぎ	【唐揚げ】	からあげ	北海道
したっけ	したっけ	【それじゃあね】	それじゃあね	北海道
しばれる	しばれる	【本当に寒い】	ほんとにさむい	北海道
しゃっこい	しゃっこい	【冷たい】	つめたい	北海道
じゃんぼ	じゃんぼ	【髪の毛】	かみのけ	北海道
たんぱら	たんぱら	【気が短い】	きがみじかい	北海道
どんぱ	どんぱ	【同学年】	どうがくねん	北海道
なして	なして	【なぜ】	なぜ	北海道
なまずるい	なまずるい	【ずるい】	ずるい	北海道
なまら	なまら	【すごい】	すごい	北海道
なんも	なんも	【どういたしまして】	どういたしまして	北海道
なんもだって	なんもだって	【どういたしまして】	どういたしまして	北海道
なんもなんも	なんもなんも	【どういたしまして】	どういたしまして	北海道
ばちっこ	ばちっこ	【末っ子】	すえっこ	北海道
ばっぱい	ばっぱい	【汚すぎる】	きたなすぎる	北海道
はんかくさい	はんかくさい	【馬鹿らしい】	ばからしい	北海道
へなまずるい	へなまずるい	【ずる賢い・悪質な】	ずるがしこい・あくしつな	北海道
みったくなし	みったくなし	【かわいくない・ブス】	かわいくない・ぶす	北海道
めっぱ	めっぱ	【ものもらい】	ものもらい	北海道
めんこ	めんこ	【お気に入りの娘】	おきにいりのむすめ	北海道
めんた	めんた	【メス】	めす	北海道
もちょこい	もちょこい	【くすぐったい】	くすぐったい	北海道
やっこい	やっこい	【やわらかい】	やわらかい	北海道
やむ	やむ	【ずきずきと痛む】	ずきずきといたむ	北海道
ゆるくない	ゆるくない	【苦しい】	くるしい	北海道
んだ	んだ	【そうだ】	そうだ	北海道
んだっす	んだっす	【そうです】	そうです	北海道
あずましい	あずましい	【居心地がいい・気持ちがいい・落ち着く】	いごこちがいい・きもちがいい・おちつく	青森
あやつける	あやつける	【気取る】	きどる	青森
ありがたくなる	ありがたくなる	【眠くなる・うとうとする】	ねむくなる・うとうとする	青森
いずい	いずい	【しっくりこない・心地が悪い】	しっくりこない・ここちがわるい	青森
うそこぎ	うそこぎ	【嘘つき】	うそつき	青森
おだつ	おだつ	【調子に乗る】	ちょうしにのる	青森
おばんです	おばんです	【こんばんは】	こんばんは	青森
おんた	おんた	【オス】	おす	青森
がさい	がさい	【安っぽい・カッコ悪い・ぼろい】	やすっぽい・かっこわるい・ぼろい	青森
がっちゃい	がっちゃい	【安っぽい・カッコ悪い・ぼろい】	やすっぽい・かっこわるい・ぼろい	青森
がっさい	がっさい	【安っぽい・カッコ悪い・ぼろい】	やすっぽい・かっこわるい・ぼろい	青森
がっちゃき	がっちゃき	【できもの・痔】	できもの・じ	青森
かっちゃましい	かっちゃましい	【やかましい・うるさい・うざったい】	やかましい・うるさい・うざったい	青森
かぶれくさい	かぶれくさい	【カビ臭い】	かびくさい	青森
かぶれる	かぶれる	【カビが生える】	かびがはえる	青森
がんべ	がんべ	【できもの】	できもの	青森
きかない	きかない	【きかない・気が強い】	きかない・きがつよい	青森
きりょーよし	きりょーよし	【美人】	びじん	青森
けっぱる	けっぱる	【がんばる】	がんばる	青森
けっぱれ	けっぱれ	【がんばれ】	がんばれ	青森
こたえる	こたえる	【困る】	こまる	青森
こわい	こわい	【疲れた・しんどい】	つかれた・しんどい	青森
ざんぎ	ざんぎ	【唐揚げ】	からあげ	青森
したっけ	したっけ	【それじゃあね】	それじゃあね	青森
しばれる	しばれる	【非常に寒い】	ひじょうにさむい	青森
しゃっこい	しゃっこい	【冷たい】	つめたい	青森
じゃんぼ	じゃんぼ	【髪の毛】	かみのけ	青森
たんぱら	たんぱら	【すぐに腹を立てる・気が短い】	すぐにはらをたてる・きがみじかい	青森
どんぱ	どんぱ	【同学年・同年齢】	どうがくねん・どうねんれい	青森
なして	なして	【なぜ】	なぜ	青森
なまずるい	なまずるい	【ずるい】	ずるい	青森
なまら	なまら	【すごい・とても】	すごい・とても	青森
なんも	なんも	【いえいえ・どういたしまして】	いえいえ・どういたしまして	青森
なんもだって	なんもだって	【いえいえ・どういたしまして】	いえいえ・どういたしまして	青森
なんもなんも	なんもなんも	【いえいえ・どういたしまして】	いえいえ・どういたしまして	青森
ばちっこ	ばちっこ	【末っ子】	すえっこ	青森
ばっぱい	ばっぱい	【汚すぎる】	きたなすぎる	青森
はんかくさい	はんかくさい	【バカ・馬鹿らしい】	ばか・ばからしい	青森
へなまずるい	へなまずるい	【ずる賢い・悪質な】	ずるがしこい・あくしつな	青森
なまずるい	なまずるい	【ずる賢い・悪質な】	ずるがしこい・あくしつな	青森
みったくなし	みったくなし	【かわいくない・ブス】	かわいくない・ぶす	青森
めっぱ	めっぱ	【ものもらい】	ものもらい	青森
めんこ	めんこ	【お気に入りの娘】	おきにいりのむすめ	青森
めんた	めんた	【メス】	めす	青森
もちょこい	もちょこい	【くすぐったい】	くすぐったい	青森
やっこい	やっこい	【やわらかい】	やわらかい	青森
やむ	やむ	【ずきずきと痛む】	ずきずきといたむ	青森
ゆるくない	ゆるくない	【苦しい】	くるしい	青森
んだ	んだ	【そうだ】	そうだ	青森
んだっす	んだっす	【そうです】	そうです	青森
あしかまり	あしかまり	【足のにおい】	あしのにおい	岩手
あめかまり	あめかまり	【腐った臭い】	くさったにおい	岩手
あらがた	あらがた	【だいたい】	だいたい	岩手
いじくされ	いじくされ	【いじわるな人・強情を張る人】	いじわるなひと・ごうじょうをはるひと	岩手
いじくさり	いじくさり	【いじわるな人・強情を張る人】	いじわるなひと・ごうじょうをはるひと	岩手
いずい	いずい	【しっくりこない・心地が悪い】	しっくりこない・ここちがわるい	岩手
えずい	えずい	【しっくりこない・心地が悪い】	しっくりこない・ここちがわるい	岩手
うたてー	うたてー	【気持ちが悪い・気味が悪い】	きもちがわるい・きみがわるい	岩手
うたちー	うたちー	【気持ちが悪い・気味が悪い】	きもちがわるい・きみがわるい	岩手
おたてー	おたてー	【気持ちが悪い・気味が悪い】	きもちがわるい・きみがわるい	岩手
うるがす	うるがす	【浸す】	ひたす	岩手
えーふりする	えーふりする	【気取る】	きどる	岩手
おあげんしぇ	おあげんしぇ	【お召し上がりください】	おめしあがりください	岩手
おあげんせ	おあげんせ	【お召し上がりください】	おめしあがりください	岩手
おしょすい	おしょすい	【恥ずかしい】	はずかしい	岩手
しょすい	しょすい	【恥ずかしい】	はずかしい	岩手
しょしい	しょしい	【恥ずかしい】	はずかしい	岩手
おなごぶりいーひと	おなごぶりいーひと	【美人】	びじん	岩手
おはよがんす	おはよがんす	【おはよう】	おはよう	岩手
おばんです	おばんです	【こんばんは】	こんばんは	岩手
おぼっこ	おぼっこ	【赤ちゃん】	あかちゃん	岩手
おみょーにち	おみょーにち	【また明日】	またあした	岩手
おみょうぬづ	おみょうぬづ	【また明日】	またあした	岩手
おめでどーごし	おめでどーごし	【おめでとう】	おめでとう	岩手
おもさげながんす	おもさげながんす	【本当に申し訳ないことです】	ほんとうにもうしわけないことです	岩手
おもさげねぇ	おもさげねぇ	【申し訳ない】	もうしわけない	岩手
かまり	かまり	【におい・香り】	におい・かおり	岩手
がんす	がんす	【ございます】	ございます	岩手
こうぇー	こうぇー	【疲れた】	つかれた	岩手
こちょがす	こちょがす	【くすぐる】	くすぐる	岩手
このげ	このげ	【眉毛】	まゆげ	岩手
しばれる	しばれる	【非常に寒い】	ひじょうにさむい	岩手
ずれぁ	ずれぁ	【ずるい】	ずるい	岩手
たんば	たんば	【つば】	つば	岩手
ちぎ	ちぎ	【脳卒中】	のうそっちゅう	岩手
とぼげ	とぼげ	【バカ】	ばか	岩手
とろっぺつ	とろっぺつ	【いつも】	いつも	岩手
なして	なして	【なぜ】	なぜ	岩手
のめ	のめ	【ものもらい】	ものもらい	岩手
はっけ	はっけ	【冷たい】	つめたい	岩手
ぺあっこ	ぺあっこ	【少し】	すこし	岩手
ほいどたがれ	ほいどたがれ	【欲張りな人】	よくばりなひと	岩手
ほらふぎ	ほらふぎ	【嘘つき】	うそつき	岩手
ほんでね	ほんでね	【そうではない】	そうではない	岩手
まつぽい	まつぽい	【まぶしい】	まぶしい	岩手
まつっぽい	まつっぽい	【まぶしい】	まぶしい	岩手
まなぐ	まなぐ	【目】	め	岩手
まなご	まなご	【目】	め	岩手
みだぐね	みだぐね	【かわいくない・ブス】	かわいくない・ぶす	岩手
みだくなす	みだくなす	【かわいくない・ブス】	かわいくない・ぶす	岩手
もっす	もっす	【ごめんください】	ごめんください	岩手
やがねる	やがねる	【やきもちを焼く・嫉妬する・うらやむ】	やきもちをやく・しっとする・うらやむ	岩手
やかねる	やかねる	【やきもちを焼く・嫉妬する・うらやむ】	やきもちをやく・しっとする・うらやむ	岩手
ゆぷて	ゆぷて	【煙たい】	けむたい	岩手
ゆぷてぁ	ゆぷてぁ	【煙たい】	けむたい	岩手
ゆるぐね	ゆるぐね	【苦しい】	くるしい	岩手
よくおでんした	よくおでんした	【よくお出になりました】	よくおでになりました	岩手
ら	ら	【〜のだ・〜のよ】	〜のだ・〜のよ	岩手
わらし	わらし	【こども】	こども	岩手
わらはんど	わらはんど	【こどもたち】	こどもたち	岩手
〜ねが？	〜ねが？	【〜ないですか？】	〜ないですか？	宮城県
〜わ、〜のわ？	〜わ、〜のわ？	【〜したの？（語尾に「わ」をつける）】	〜したの？（ごびに「わ」をつける）	宮城県
あちこたない、あちこたねぇ	あちこたない、あちこたねぇ	【大丈夫、心配ない】	だいじょうぶ、しんぱいない	宮城県
いがす	いがす	【いいです（遠慮します）】	いいです（えんりょします）	宮城県
いぎなり	いぎなり	【とても、すごく】	とても、すごく	宮城県
いずい、えずい	いずい、えずい	【しっくりこない、心地が悪い、具合が悪い】	しっくりこない、ここちがわるい、ぐあいがわるい	宮城県
いやす	いやす	【いやしい、欲張り】	いやしい、よくばり	宮城県
うそこぎ	うそこぎ	【嘘つき】	うそつき	宮城県
うたてー、うたちー、おたてー	うたてー、うたちー、おたてー	【気持ちが悪い、気味が悪い】	きもちがわるい、きみがわるい	宮城県
うるかす	うるかす	【（茶碗などを）浸す】	（ちゃわんなどを）ひたす	宮城県
えぐりわるい	えぐりわるい	【意地が悪い】	いじがわるい	宮城県
えらすぐねえ	えらすぐねえ	【かわいくない、憎らしい】	かわいくない、にくらしい	宮城県
えらすこい、えらすけ	えらすこい、えらすけ	【かわいい、愛らしい】	かわいい、あいらしい	宮城県
おしょすい、しょすい、しょしい	おしょすい、しょすい、しょしい	【恥ずかしい】	はずかしい	宮城県
おだつ	おだつ	【調子に乗る】	ちょうしにのる	宮城県
おばんです	おばんです	【こんばんは】	こんばんは	宮城県
おぼこ	おぼこ	【赤ちゃん、小さな子ども】	あかちゃん、ちいさなこども	宮城県
おみょーにち、おみょうぬづ	おみょーにち、おみょうぬづ	【また明日！】	またあした	宮城県
おやかた、おやがだ	おやかた、おやがだ	【長男】	ちょうなん	宮城県
がおった	がおった	【疲れた】	つかれた	宮城県
がが	がが	【母、妻】	はは、つま	宮城県
かすけー	かすけー	【賢い】	かしこい	宮城県
がほらん	がほらん	【空っぽ】	からっぽ	宮城県
ぎりぎり	ぎりぎり	【むりやり】	むりやり	宮城県
きんどる	きんどる	【気取る】	きどる	宮城県
くってけさいん	食ってけさいん	【食べてください】	たべてください	宮城県
こねが？	来ねが？	【来ないかい？】	こないかい？	宮城県
ごっしゃぐ	ごっしゃぐ	【怒る】	おこる	宮城県
このげ	このげ	【眉毛】	まゆげ	宮城県
さらさえぼ、さらさらいぼ	さらさえぼ、さらさらいぼ	【鳥肌】	とりはだ	宮城県
ししゃます	ししゃます	【困る】	こまる	宮城県
しずね	しずね	【うるさい】	うるさい	宮城県
しずねっこ	しずねっこ	【やかましい！】	やかましい	宮城県
しばれる	しばれる	【非常に寒い】	ひじょうにさむい	宮城県
しゃっこえ、ひゃっこい	しゃっこえ、ひゃっこい	【冷たい】	つめたい	宮城県
すげなぇ	すげなぇ	【さびしい】	さびしい	宮城県
すける	すける	【手伝う】	てつだう	宮城県
すびらっこえ	すびらっこえ	【ずるい】	ずるい	宮城県
たんぱら	たんぱら	【すぐに腹を立てる、気が短い】	すぐにはらをたてる、きがみじかい	宮城県
ちゃ	ちゃ	【〜のだ、〜のよ】	〜のだ、〜のよ	宮城県
とぜん	とぜん	【さびしい】	さびしい	宮城県
どでる	どでる	【驚く】	おどろく	宮城県
どでんした	どでんした	【びっくりした】	びっくりした	宮城県
なじょしたらいがんべな？	なじょしたらいがんべな？	【どのようにしたらいいでしょう？】	どのようにしたらいいでしょう？	宮城県
なじょして？	なじょして？	【どうして？】	どうして？	宮城県
なまだら	なまだら	【ぐずぐずする、手を抜く】	ぐずぐずする、てをぬく	宮城県
ぬげさく	ぬげさく	【まぬけ】	まぬけ	宮城県
ねっぺ	ねっぺ	【つば】	つば	宮城県
ばっち、ばっつ	ばっち、ばっつ	【末っ子】	すえっこ	宮城県
はなぐら	はなぐら	【いびき】	いびき	宮城県
はやはや	はやはや	【あわてること、落ち着きがなくせっかちな様子】	あわてること、おちつきがなくせっかちなようす	宮城県
はらくっぢい	はらくっぢい	【お腹がきついー】	おなかがきついー	宮城県
はらっぴり	はらっぴり	【下痢】	げり	宮城県
ほんでなす	ほんでなす	【バカ】	ばか	宮城県
またございん	またございん	【また来てください】	またきてください	宮城県
まつぽい、まつっぽい	まつぽい、まつっぽい	【まぶしい】	まぶしい	宮城県
まなぐ、まなご	まなぐ、まなご	【目】	め	宮城県
めぐさい	めぐさい	【みっともない、ブス】	みっともない、ぶす	宮城県
めくせ	めくせ	【見た目が悪い、カッコ悪い、恥ずかしい、みっともない】	みためがわるい、かっこわるい、はずかしい、みっともない	宮城県
めんこい	めんこい	【かわいい】	かわいい	宮城県
めんこめんこする	めんこめんこする	【頭をなでる】	あたまをなでる	宮城県
やくてもない	やくてもない	【役に立たない、つまらない】	やくにたたない、つまらない	宮城県
やげ	やげ	【火傷】	やけど	宮城県
やっこい	やっこい	【やわらかい】	やわらかい	宮城県
やんだ	やんだ	【いやです】	いやです	宮城県
ゆぷて、ゆぷてぁ	ゆぷて、ゆぷてぁ	【煙たい】	けむたい	宮城県
んだ	んだ	【そうだ】	そうだ	宮城県
んだっす	んだっす	【そうです】	そうです	宮城県
んだべが	んだべが	【そうかしら】	そうかしら	宮城県
あがってけろ	あがってけろ	【どうぞお上がりください】	どうぞおあがりください	秋田県
あしかまり	あしかまり	【足のにおい】	あしのにおい	秋田県
あべたふり	あべたふり	【知ったかぶり】	しったかぶり	秋田県
あめかまり	あめかまり	【腐った臭い】	くさったにおい	秋田県
いじくされ、いじくさり	いじくされ、いじくさり	【いじわるな人、強情を張る人】	いじわるなひと、ごうじょうをはるひと	秋田県
うしろどんこ	うしろどんこ	【後頭部、うなじ】	こうとうぶ、うなじ	秋田県
うそこぎ	うそこぎ	【嘘つき】	うそつき	秋田県
うたてー、うたちー、おたてー	うたてー、うたちー、おたてー	【気持ちが悪い、気味が悪い】	きもちがわるい、きみがわるい	秋田県
えーふりこくー	えーふりこくー	【気取る】	きどる	秋田県
おが	おが	【たくさん】	たくさん	秋田県
おしょし	おしょし	【恥ずかしい】	はずかしい	秋田県
おったつ	おったつ	【くたびれる、疲れた】	くたびれる、つかれた	秋田県
おめでどがんす	おめでどがんす	【おめでとう】	おめでとう	秋田県
おら	おら	【おれ】	おれ	秋田県
がおる	がおる	【困る】	こまる	秋田県
かちゃぺ	かちゃぺ	【品がない、下品】	ひんがない、げひん	秋田県
かっちゃ	かっちゃ	【お母さん】	おかあさん	秋田県
かまり	かまり	【におい、香り】	におい、かおり	秋田県
く	く	【食べる】	たべる	秋田県
くされたまぐら	くされたまぐら	【役に立たないもの（人）】	やくにたたないもの（ひと）	秋田県
け	け	【来い、かゆい、食べなさい】	こい、かゆい、たべなさい	秋田県
けっち、けちたっぽ	けっち、けちたっぽ	【おしり】	おしり	秋田県
けっぱる	けっぱる	【がんばる】	がんばる	秋田県
こうぇ	こうぇ	【疲れた】	つかれた	秋田県
こちょます	こちょます	【くすぐる】	くすぐる	秋田県
このげ	このげ	【眉毛】	まゆげ	秋田県
こぼほり	こぼほり	【しつこい、根深い】	しつこい、ねぶかい	秋田県
ごめしてけれ	ごめしてけれ	【許してください】	ゆるしてください	秋田県
しぎでね	しぎでね	【好きじゃない】	すきじゃない	秋田県
じぐなし、ずくなし	じぐなし、ずくなし	【勇気がない、小心者、意気地なし】	ゆうきがない、しょうしんもの、いくじなし	秋田県
じほこき	じほこき	【うそつき】	うそつき	秋田県
しゃっこい	しゃっこい	【冷たい】	つめたい	秋田県
しょーし	しょーし	【恥ずかしい】	はずかしい	秋田県
すばらしい	すばらしい	【うるさい】	うるさい	秋田県
ずろすけ	ずろすけ	【ずるい人】	ずるいひと	秋田県
ちょす、ちょうす	ちょす、ちょうす	【さわる】	さわる	秋田県
てぼげ、てぼこ、てぼっきゃ	てぼげ、てぼこ、てぼっきゃ	【不器用な人】	ぶきようなひと	秋田県
とじゃね	とじゃね	【さびしい】	さびしい	秋田県
とっちゃ	とっちゃ	【お父さん】	おとうさん	秋田県
どぶで	どぶで	【ずるい】	ずるい	秋田県
どやぐ	どやぐ	【仲間、友達】	なかま、ともだち	秋田県
どやへば、どやせば、どせば、どへば	どやへば、どやせば、どせば、どへば	【どうすれば】	どうすれば	秋田県
なじき	なじき	【おでこ】	おでこ	秋田県
なして	なして	【なぜ？】	なぜ	秋田県
のさばる	のさばる	【甘える】	あまえる	秋田県
ばがけ	ばがけ	【バカ】	ばか	秋田県
ばっち、ばっつ	ばっち、ばっつ	【末っ子】	すえっこ	秋田県
びしん	びしん	【美人】	びじん	秋田県
ぶしょたがり	ぶしょたがり	【だらしない、不潔】	だらしない、ふけつ	秋田県
ふとめわり	ふとめわり	【恥ずかしい】	はずかしい	秋田県
へんへ	へんへ	【せんせい】	せんせい	秋田県
ほいど、ほいと	ほいど、ほいと	【欲張り、ケチ】	よくばり、けち	秋田県
まなぐ、まなご	まなぐ、まなご	【目】	め	秋田県
みったくなし	みったくなし	【かわいくない、ブス】	かわいくない、ぶす	秋田県
めんけ	めんけ	【かわいい】	かわいい	秋田県
やちもない	やちもない	【しようがない、つまらない】	しようがない、つまらない	秋田県
よろた、よろたっぽ	よろた、よろたっぽ	【ふともも】	ふともも	秋田県
あずましー	あずましー	【ゆったりと落ち着いた】	ゆったりとおちついた	北海道
あめる	あめる	【食べ物がいたむ・すえる】	たべものがいたむ・すえる	北海道
あやつける	あやつける	【かっこうをつける】	かっこうをつける	北海道
いずい	いずい	【目のごみがごろごろする】	めのごみがごろごろする	北海道
いたましー	いたましー	【惜しい・もったいない】	おしい・もったいない	北海道
うだで	うだで	【たいそう】	たいそう	北海道
うみあけ	うみあけ	【春になり流氷が去る】	はるになりりゅうひょうがさる	北海道
おる	おる	【大きくなる・成長する】	おおきくなる・せいちょうする	北海道
おる	おる	【生える】	はえる	北海道
おもやみ	おもやみ	【心配・気がかり】	しんぱい・きがかり	北海道
おもやみ	おもやみ	【おっくう】	おっくう	北海道
かいべつ	かいべつ	【キャベツ】	きゃべつ	北海道
かっちゃく	かっちゃく	【引っかく】	ひっかく	北海道
かてる	かてる	【仲間に入れる】	なかまにいれる	北海道
きかない	きかない	【気が強い・乱暴だ】	きがつよい・らんぼうだ	北海道
けあらし	けあらし	【水蒸気の大量発生】	すいじょうきのたいりょうはっせい	北海道
こわい	こわい	【疲れてきつい】	つかれてきつい	北海道
さきり	さきり	【組み合わせた丸太】	くみあわせたまるた	北海道
したっけ	したっけ	【そうしたら】	そうしたら	北海道
したっけね	したっけね	【それではまたね・バイバイ】	それではまたね・ばいばい	北海道
しばれる	しばれる	【ひどく寒い・凍りつく】	ひどくさむい・こおりつく	北海道
すもり	すもり	【屋根の積雪による水漏れ】	やねのせきせつによるみずもれ	北海道
すたんばい	すたんばい	【準備・用意】	じゅんび・ようい	北海道
たいした	たいした	【たいそう・とても】	たいそう・とても	北海道
たく	たく	【持つ・持ち上げる】	もつ・もちあげる	北海道
ちゃらんけ	ちゃらんけ	【文句・言いがかり】	もんく・いいがかり	北海道
ちょす	ちょす	【触る・からかう】	さわる・からかう	北海道
つっぺ	つっぺ	【栓・びんの栓など】	せん・びんのせんなど	北海道
てんこもり	てんこもり	【ごはんの山盛り】	ごはんのやまもり	北海道
とちゅーはんぱ	とちゅーはんぱ	【中途半端】	ちゅうとはんぱ	北海道
とーきび	とーきび	【とうもろこし】	とうもろこし	北海道
なる	なる	【捨てる】	すてる	北海道
なまら	なまら	【たいそう・非常に】	たいそう・ひじょうに	北海道
なんも	なんも	【いやいや・ちっとも】	いやいや・ちっとも	北海道
はく	はく	【（手袋などを）はめる】	（てぶくろなどを）はめる	北海道
はっちゃき	はっちゃき	【一心になること・熱中】	いっしんになること・ねっちゅう	北海道
はんかくさい	はんかくさい	【ばかげた・あほらしい】	ばかげた・あほらしい	北海道
ひら	ひら	【急斜面】	きゅうしゃめん	北海道
へら	へら	【ごはんをつぐしゃもじ】	ごはんをつぐしゃもじ	北海道
ほっちゃれ	ほっちゃれ	【疲れて元気のない人】	つかれてげんきのないひと	北海道
まかたする	まかたする	【採算がとれる】	さいさんがとれる	北海道
まかなう	まかなう	【身支度する】	みじたくする	北海道
まてに	まてに	【ていねいに】	ていねいに	北海道
むりくり	むりくり	【無理やり】	むりやり	北海道
めんこい	めんこい	【かわいい・かわいらしい】	かわいい・かわいらしい	北海道
ゆるくない	ゆるくない	【容易でない・楽でない】	よういでない・らくでない	北海道
りらびえ	りらびえ	【リラが咲くころの寒さ】	りらがさくころのさむさ	北海道
わや	わや	【むちゃくちゃ】	むちゃくちゃ	北海道
がまわれ	がまわれ	【寒さで木が凍り割れる】	さむさできがこおりわれる	北海道
がんび	がんび	【白樺の木やその皮】	しらかばのきやそのかわ	北海道
げれっぱ	げれっぱ	【最下位・びりっけつ】	さいかい・びりっけつ	北海道
ごしょいも	ごしょいも	【馬鈴薯】	ばれいしょ	北海道
ごっぺかえす	ごっぺかえす	【大失敗する】	だいしっぱいする	北海道
ざん	ざん	【鶏肉の唐揚げ】	けいにくのからあげ	北海道
じぶき	じぶき	【地吹雪】	じふぶき	北海道
でめんさん	でめんさん	【日雇い】	ひやとい	北海道
どちらいか	どちらいか	【どういたしまして】	どういたしまして	北海道
ばったする	ばったする	【倒れる・倒産する】	たおれる・とうさんする	北海道
ばんいち	ばんいち	【開拓の際、国有地の一部に地番をつけなかった地域】	かいたくのさい、こくゆうちのいちぶにちばんをつけなかったちいき	北海道
あいづ	あいづ	【あれ】	あれ	山形県
あどつぁま	あどつぁま	【仏様】	ほとけさま	山形県
あんつぁ	あんつぁ	【兄貴・男の子】	あにき・おとこのこ	山形県
えさばや	えさばや	【魚屋】	さかなや	山形県
おがだっつぁま	おがだっつぁま	【雷】	かみなり	山形県
おさい	おさい	【お惣菜・おかず】	おそうざい・おかず	山形県
おづげ	おづげ	【味噌汁】	みそしる	山形県
おらほ	おらほ	【私の方】	わたしのほう	山形県
かが	かが	【母・妻】	はは・つま	山形県
がったあんにゃ	がったあんにゃ	【知ったかぶりをする人】	しったかぶりをするひと	山形県
きびちょ	きびちょ	【急須】	きゅうす	山形県
こえづ	こえづ	【これ】	これ	山形県
けーづ	けーづ	【これ】	これ	山形県
こえん	こえん	【これ】	これ	山形県
かえん	かえん	【これ】	これ	山形県
けん	けん	【これ】	これ	山形県
ごっつぉ	ごっつぉ	【ごちそう】	ごちそう	山形県
こわぱすえ	こわぱすえ	【硬いごはん】	かたいごはん	山形県
ざい	ざい	【田舎】	いなか	山形県
ざいご	ざいご	【田舎】	いなか	山形県
さえづづ	さえづづ	【トンカチ】	とんかち	山形県
ざらぶ	ざらぶ	【葬式】	そうしき	山形県
ざらぼ	ざらぼ	【葬式】	そうしき	山形県
じぇじぇこ	じぇじぇこ	【お金】	おかね	山形県
じぇねこ	じぇねこ	【お金】	おかね	山形県
じぇね	じぇね	【お金】	おかね	山形県
しぇんつ	しぇんつ	【便所】	べんじょ	山形県
したづ	したづ	【お汁】	おしる	山形県
しゃず	しゃず	【スプーン】	すぷーん	山形県
しゃずこ	しゃずこ	【スプーン】	すぷーん	山形県
しょねみ	しょねみ	【ひがみ】	ひがみ	山形県
すんけたがり	すんけたがり	【神経質な人】	しんけいしつなひと	山形県
そいづ	そいづ	【それ】	それ	山形県
ほいづ	ほいづ	【それ】	それ	山形県
たまな	たまな	【キャベツ】	きゃべつ	山形県
づほこぎ	づほこぎ	【うそつき】	うそつき	山形県
づんつぁ	づんつぁ	【じいちゃん】	じいちゃん	山形県
づさま	づさま	【じいちゃん】	じいちゃん	山形県
てしょざら	てしょざら	【小皿】	こざら	山形県
てぼっこ	てぼっこ	【不器用】	ぶきよう	山形県
どいづ	どいづ	【どれ】	どれ	山形県
にさ	にさ	【君・おまえ】	きみ・おまえ	山形県
ばっち	ばっち	【一番下・末っ子】	いちばんした・すえっこ	山形県
ばっつ	ばっつ	【一番下・末っ子】	いちばんした・すえっこ	山形県
はんだい	はんだい	【テーブル】	てーぶる	山形県
ばんつぁ	ばんつぁ	【ばあちゃん】	ばあちゃん	山形県
ばさま	ばさま	【ばあちゃん】	ばあちゃん	山形県
ふたぶ	ふたぶ	【ほっぺ】	ほっぺ	山形県
べご	べご	【牛】	うし	山形県
へなこ	へなこ	【女の子】	おんなのこ	山形県
へなべら	へなべら	【女の子たち】	おんなのこたち	山形県
ほいじょ	ほいじょ	【包丁】	ほうちょう	山形県
まま	まま	【ご飯】	ごはん	山形県
ままづまえ	ままづまえ	【食事の支度】	しょくじのしたく	山形県
むがさり	むがさり	【結婚】	けっこん	山形県
めがだ	めがだ	【重さ】	おもさ	山形県
もぐだ	もぐだ	【ごみ】	ごみ	山形県
やろこ	やろこ	【男の子】	おとこのこ	山形県
やろべら	やろべら	【男の子たち】	おとこのこたち	山形県
よぴかり	よぴかり	【夜更かし】	よふかし	山形県
よだが	よだが	【夜更かし】	よふかし	山形県
んぼこ	んぼこ	【子ども】	こども	山形県
わらす	わらす	【子ども】	こども	山形県
あがすけ	あがすけ	【生意気】	なまいき	山形県
あざぐ	あざぐ	【人のものを勝手にいじってさがす】	ひとのものをかってにいじってさがす	山形県
うがえ	うがえ	【多い】	おおい	山形県
うぶ	うぶ	【子どもをおんぶする】	こどもをおんぶする	山形県
うぶさる	うぶさる	【子どもがおんぶする】	こどもがおんぶする	山形県
うるがす	うるがす	【水に浸す】	みずにつける	山形県
おかづぐ	おかづぐ	【追いつく】	おいつく	山形県
おがる	おがる	【大きくなる・成長する】	おおきくなる・せいちょうする	山形県
おだる	おだる	【折る】	おる	山形県
おっぽろげる	おっぽろげる	【ボケる】	ぼける	山形県
おどげでなえ	おどげでなえ	【容易でない・笑ってすまされない】	よういでない・わらってすまされない	山形県
がおる	がおる	【具合が悪くなる】	ぐあいがわるくなる	山形県
かしぇぐ	かしぇぐ	【働く】	はたらく	山形県
かじょす	かじょす	【計算する】	けいさんする	山形県
かすますい	かすますい	【さわがしい】	さわがしい	山形県
しゃがますい	しゃがますい	【やかましい】	やかましい	山形県
かっちゃ	かっちゃ	【服が逆さま】	ふくがさかさま	山形県
かっちゃえ	かっちゃえ	【服が逆さま】	ふくがさかさま	山形県
かます	かます	【かきまわす】	かきまわす	山形県
ぎっぎど	ぎっぎど	【おもいっきり】	おもいっきり	山形県
いぎすま	いぎすま	【おもいっきり】	おもいっきり	山形県
ぎっつい	ぎっつい	【きつい・窮屈】	きつい・きゅうくつ	山形県
ぐずらもずら	ぐずらもずら	【のろのろ】	のろのろ	山形県
くらすける	くらすける	【なぐる】	なぐる	山形県
はだぐ	はだぐ	【なぐる】	なぐる	山形県
け	け	【食べろ】	たべろ	山形県
く	く	【食べる】	たべる	山形県
ごしゃぐ	ごしゃぐ	【怒る】	おこる	山形県
こちょびだい	こちょびだい	【くすぐったい】	くすぐったい	山形県
こわい	こわい	【疲れる】	つかれる	山形県
さすけねぇ	さすけねぇ	【差し支えない】	さしつかえない	山形県
さんかげる	さんかげる	【戸締りをする・鍵をかける】	とじまりをする・かぎをかける	山形県
しぇめる	しぇめる	【つかまえる】	つかまえる	山形県
しなこえ	しなこえ	【しなしなとして弾力性が強く、噛み切れない様】	しなしなとしてだんりょくせいがつよく、かみきれないよう	山形県
すなこえ	すなこえ	【しなしなとして弾力性が強く、噛み切れない様】	しなしなとしてだんりょくせいがつよく、かみきれないよう	山形県
しゃます	しゃます	【もてあます】	もてあます	山形県
じょさね	じょさね	【簡単】	かんたん	山形県
じょんだ	じょんだ	【上手だ】	じょうずだ	山形県
すこだま	すこだま	【すごいたくさん】	すごいたくさん	山形県
すっかえる	すっかえる	【交換する】	こうかんする	山形県
するい	するい	【できる】	できる	山形県
やるい	やるい	【やれる】	やれる	山形県
そじる	そじる	【いたむ】	いたむ	山形県
たがぐ	たがぐ	【持つ】	もつ	山形県
たごつぐ	たごつぐ	【しがみつく】	しがみつく	山形県
たづぐ	たづぐ	【つかまる】	つかまる	山形県
ちょす	ちょす	【さわる】	さわる	山形県
つかす	つかす	【かっこつける】	かっこつける	山形県
てしょづらしい	てしょづらしい	【手出ししてうるさい】	てだししてうるさい	山形県
でっちり	でっちり	【たくさん】	たくさん	山形県
どっぺんがえし	どっぺんがえし	【繰り返し】	くりかえし	山形県
どやんばい	どやんばい	【どのように】	どのように	山形県
どいなぐ	どいなぐ	【どのように】	どのように	山形県
なげる	なげる	【捨てる】	すてる	山形県
なした	なした	【産んだ】	うんだ	山形県
なす	なす	【産む】	うむ	山形県
なす	なす	【かえす・弁償する】	かえす・べんしょうする	山形県
はがえぐ	はがえぐ	【はかどる】	はかどる	山形県
ばよつらい	ばよつらい	【奪い合い】	うばいあい	山形県
はらだくさい	はらだくさい	【まともでない・変だ】	まともでない・へんだ	山形県
ひまだれ	ひまだれ	【暇をもてあます】	ひまをもてあます	山形県
ぶじょほう	ぶじょほう	【失礼】	しつれい	山形県
ふちゃばぐ	ふちゃばぐ	【破る】	やぶる	山形県
へっぺがす	へっぺがす	【はがす】	はがす	山形県
へれる	へれる	【入れる】	いれる	山形県
ほきる	ほきる	【萌える】	もえる	山形県
ほだえ	ほだえ	【そんなに】	そんなに	山形県
ほろぐ	ほろぐ	【揺り動かし落とす】	ゆりうごかしおとす	山形県
ほろげる	ほろげる	【揺れ落ちる】	ゆれおちる	山形県
まるぐ	まるぐ	【たばねる】	たばねる	山形県
むぐす	むぐす	【もらす】	もらす	山形県
むつける	むつける	【むっとする】	むっとする	山形県
ふぐれる	ふぐれる	【むっとする】	むっとする	山形県
むつこい	むつこい	【かわいそう】	かわいそう	山形県
むづる	むづる	【曲がる】	まがる	山形県
もぐ	もぐ	【はずす・とる】	はずす・とる	山形県
もげる	もげる	【はずれる・とれる】	はずれる・とれる	山形県
もっかえる	もっかえる	【倒れる】	たおれる	山形県
もまえする	もまえする	【パニックになる】	ぱにっくになる	山形県
やぐど	やぐど	【わざと】	わざと	山形県
やぢゃがね	やぢゃがね	【だめだ・役に立たない】	だめだ・やくにたたない	山形県
やちゃくちゃね	やちゃくちゃね	【だらしがない】	だらしがない	山形県
やんばえ	やんばえ	【いいあんばい】	いいあんばい	山形県
わにる	わにる	【赤ん坊が人見知りする】	あかんぼうがひとみりする	山形県
わにね	わにね	【人見知りしない】	ひとみしりしない	山形県
わらわら	わらわら	【急いで】	いそいで	山形県
んまぐね	んまぐね	【よろしくない】	よろしくない	山形県
んますこす	んますこす	【もうちょっと】	もうちょっと	山形県
あがってけらっしゃい	あがってけらっしゃい	【家にどうぞおあがりください】	いえにどうぞおあがりください	山形県
あがってけらっしゃい	あがってけらっしゃい	【食事を召し上がってください】	しょくじをめしあがってください	山形県
あべ	あべ	【行こう】	いこう	山形県
いぐべ	いぐべ	【行こうか】	いこうか	山形県
かってがっしゃい	かってがっしゃい	【買っていってくださいよ】	かっていってくださいよ	山形県
かねの？	かねの？	【食べないの？】	たべないの？	山形県
くわんねの？	くわんねの？	【食べられないの？】	たべられないの？	山形県
けんなんぼやっす？	けんなんぼやっす？	【これいくらですか？】	これいくらですか？	山形県
さすかえなえ	さすかえなえ	【大丈夫・気にしてない】	だいじょうぶ・きにしてない	山形県
しゃね	しゃね	【知らない】	しらない	山形県
ちゃっちゃどすろ	ちゃっちゃどすろ	【早くしなさい】	はやくしなさい	山形県
ちょどしてろ	ちょどしてろ	【おとなしくしなさい】	おとなしくしなさい	山形県
どさいぐなやっす？	どさいぐなやっす？	【どこに行くのですか？】	どこにいくのですか？	山形県
なして？	なして？	【なぜ？】	なぜ？	山形県
なしてんだなや？	なしてんだなや？	【なぜそうなの？】	なぜそうなの？	山形県
なれ	なれ	【なっ？・だろ？】	なっ？・だろ？	山形県
腹くっつい	腹くっつい	【お腹いっぱい】	おなかいっぱい	山形県
ばんげのななじ	ばんげのななじ	【夜の7時】	よるのしちじ	山形県
ほだな…	ほだな…	【そんな…】	そんな…	山形県
ほんて？	ほんて？	【ほんとう？】	ほんとう？	山形県
よぐござったなっす	よぐござったなっす	【よくいらっしゃいましたね】	よくいらっしゃいましたね	山形県
んだ	んだ	【そう】	そう	山形県
んだっけが？	んだっけが？	【そうだっけ？】	そうだっけ？	山形県
んだべが？	んだべが？	【そうかな？】	そうかな？	山形県
おはようさん	おはようさん	【おはようございます】	おはようございます	大阪府
こんにちは	こんにちは	【こんにちは】	こんにちは	大阪府
こんにちわ	こんにちわ	【こんにちは】	こんにちは	大阪府
こんばんは	こんばんは	【こんばんは】	こんばんは	大阪府
こんばんわ	こんばんわ	【こんばんは】	こんばんは	大阪府
ほな、さいなら	ほな、さいなら	【さようなら】	さようなら	大阪府
ほんじゃ、また	ほんじゃ、また	【またね】	またね	大阪府
まいど	まいど	【いらっしゃいませ】	いらっしゃいませ	大阪府
おおきに	おおきに	【ありがとうございます】	ありがとうございます	大阪府
あったらしか	あったらしか	【もったいない】	もったいない	鹿児島県
あばてんね	あばてんね	【たくさん】	たくさん	鹿児島県
いっぺこっぺ	いっぺこっぺ	【たくさん】	たくさん	鹿児島県
いて	いて	【お湯が熱い】	おゆがあつい	鹿児島県
うがみんしょーらん	うがみんしょーらん	【こんにちは】	こんにちは	鹿児島県
おい	おい	【僕】	ぼく	鹿児島県
おかべ	おかべ	【豆腐】	とうふ	鹿児島県
おさいじゃす	おさいじゃす	【いらっしゃる】	いらっしゃる	鹿児島県
おまんさー	おまんさー	【あなた】	あなた	鹿児島県
おやっとさー	おやっとさー	【お疲れさま】	おつかれさま	鹿児島県
かずん	かずん	【嗅ぐ】	かぐ	鹿児島県
〜かた	〜かた	【〜すること】	〜すること	鹿児島県
〜かた	〜かた	【〜しているところ】	〜しているところ	鹿児島県
からいも	からいも	【さつまいも】	さつまいも	鹿児島県
きばっ	きばっ	【頑張る】	がんばる	鹿児島県
きょらさ	きょらさ	【きれいだ】	きれいだ	鹿児島県
きんとすわっ	きんとすわっ	【正座する】	せいざする	鹿児島県
け〜	け〜	【動詞の意味を強める接頭語】	どうしのいみをつよめるせっとうご	鹿児島県
〜けりゃー	〜けりゃー	【〜だったんだ】	〜だったんだ	鹿児島県
さだっ	さだっ	【にわか雨】	にわかあめ	鹿児島県
〜し	〜し	【人々】	ひとびと	鹿児島県
すんくじら	すんくじら	【隅っこ】	すみっこ	鹿児島県
〜せー	〜せー	【〜して】	〜して	鹿児島県
たもっ	たもっ	【食べる】	たべる	鹿児島県
ちぇすと	ちぇすと	【それ】	それ	鹿児島県
ちゃじょおけ	ちゃじょおけ	【お茶請け】	おちゃうけ	鹿児島県
ちんがらっ	ちんがらっ	【めちゃくちゃ】	めちゃくちゃ	鹿児島県
てぃだ	てぃだ	【太陽】	たいよう	鹿児島県
てげてげ	てげてげ	【中くらい】	ちゅうくらい	鹿児島県
てせ	てせ	【疲れる】	つかれる	鹿児島県
とぜんね	とぜんね	【さみしい】	さみしい	鹿児島県
なおす	なおす	【片づける】	かたづける	鹿児島県
なおっ	なおっ	【移る】	うつる	鹿児島県
にせ	にせ	【青年】	せいねん	鹿児島県
はえ	はえ	【南風】	みなみかぜ	鹿児島県
はげぃー	はげぃー	【あらまあ】	あらまあ	鹿児島県
〜ひこ	〜ひこ	【〜だけ】	〜だけ	鹿児島県
ひっちゃゆっ	ひっちゃゆっ	【落ちる】	おちる	鹿児島県
へっ	へっ	【肩から背中にかけての部分】	かたからせなかにかけてのぶぶん	鹿児島県
むぞか	むぞか	【かわいい】	かわいい	鹿児島県
もす	もす	【〜ます】	〜ます	鹿児島県
やぜろしか	やぜろしか	【うるさい】	うるさい	鹿児島県
やっせん	やっせん	【役に立たない】	やくにたたない	鹿児島県
やまいもほっ	やまいもほっ	【酔ってくだをまくこと】	よってくだをまくこと	鹿児島県
やんかぶっ	やんかぶっ	【髪の毛がぼさぼさだ】	かみのけがぼさぼさだ	鹿児島県
わっぜ	わっぜ	【大変】	たいへん	鹿児島県
わらべぃんきゃ	わらべぃんきゃ	【子どもたち】	こどもたち	鹿児島県
がっつい	がっつい	【ちょうど】	ちょうど	鹿児島県
〜がなっ	〜がなっ	【〜ことができる】	〜ことができる	鹿児島県
がらるっ	がらるっ	【られる】	られる	鹿児島県
ぎった	ぎった	【ゴム】	ごむ	鹿児島県
ぐらしか	ぐらしか	【かわいそうだ】	かわいそうだ	鹿児島県
げんね	げんね	【恥ずかしい】	はずかしい	鹿児島県
ごあす	ごあす	【ございます】	ございます	鹿児島県
〜ごたっ	〜ごたっ	【〜のようだ】	〜のようだ	鹿児島県
〜ごたっ	〜ごたっ	【〜したい】	〜したい	鹿児島県
〜ごろ	〜ごろ	【人を卑める接尾語】	ひとをいやしめるせつびご	鹿児島県
じゃっど	じゃっど	【そうですね】	そうですね	鹿児島県
〜じょ	〜じょ	【〜さん】	〜さん	鹿児島県
ずんだれ	ずんだれ	【だらしのない人】	だらしのないひと	鹿児島県
ずんばい	ずんばい	【たくさん】	たくさん	鹿児島県
だいやめ	だいやめ	【晩酌】	ばんしゃく	鹿児島県
〜だりょーん	〜だりょーん	【〜です】	〜です	鹿児島県
〜ど	〜ど	【〜よ】	〜よ	鹿児島県
〜どん	〜どん	【〜さん】	〜さん	鹿児島県
ばって	ばって	【しかし】	しかし	鹿児島県
ばば	ばば	【通り】	とおり	鹿児島県
びんた	びんた	【頭】	あたま	鹿児島県
ぶえん	ぶえん	【鮮魚】	せんぎょ	鹿児島県
ぼっけもん	ぼっけもん	【大胆な人】	だいたんなひと	鹿児島県
めっちゃ	めっちゃ	【とても】	とても	大阪府
おおきに	おおきに	【ありがとう】	ありがとう	大阪府
なんでやねん	なんでやねん	【何言ってるんだ】	なにいってるんだ	大阪府
まいど	まいど	【こんにちは】	こんにちは	大阪府
なんぼ	なんぼ	【いくら】	いくら	大阪府
なんぼ	なんぼ	【どれくらい】	どれくらい	大阪府
せや	せや	【はい】	はい	大阪府
ちゃう	ちゃう	【違う】	ちがう	大阪府
あかん	あかん	【ダメ】	だめ	大阪府
あかん	あかん	【いけない】	いけない	大阪府
あかん	あかん	【良くない】	よくない	大阪府
しもた	しもた	【しまった】	しまった	大阪府
ええ	ええ	【良い】	よい	大阪府
ほんま	ほんま	【本当】	ほんとう	大阪府
おもろい	おもろい	【面白い】	おもしろい	大阪府
まける	まける	【安くする】	やすくする	大阪府
むずい	むずい	【難しい】	むずかしい	大阪府
はよ	はよ	【早く】	はやく	大阪府
おとん	おとん	【お父さん】	おとうさん	大阪府
おかん	おかん	【お母さん】	おかあさん	大阪府
かまへん	かまへん	【構いません】	かまいません	大阪府
さいなら	さいなら	【さようなら】	さようなら	大阪府
しばく	しばく	【叩く】	たたく	大阪府
しょうもない	しょうもない	【くだらない】	くだらない	大阪府
しょうもない	しょうもない	【馬鹿馬鹿しい】	ばかばかしい	大阪府
知らんけど	しらんけど	【知らないけど】	しらないけど	大阪府
そら	そら	【それは】	それは	大阪府
どない	どない	【どうですか】	どうですか	大阪府
どない	どない	【どのようですか】	どのようですか	大阪府
べっぴん	べっぴん	【美人】	びじん	大阪府
いちゃもん	いちゃもん	【言いがかり】	いいがかり	大阪府
いちゃもん	いちゃもん	【難癖】	なんくせ	大阪府
ぼちぼち	ぼちぼち	【少しずつ】	すこしずつ	大阪府
ぼちぼち	ぼちぼち	【まあまあ】	まあまあ	大阪府
すっからかん	すっからかん	【空っぽ】	からっぽ	大阪府
すっからかん	すっからかん	【お金が全くない】	おかねがまったくない	大阪府
しんきくさい	辛気臭い	【じれったい】	じれったい	大阪府
しんきくさい	辛気臭い	【苛立たしい】	いらだたしい	大阪府
しんきくさい	辛気臭い	【陰気な】	いんきな	大阪府
がめつい	がめつい	【欲深い】	よくぶかい	大阪府
ぎょうさん	ぎょうさん	【たくさん】	たくさん	大阪府
かんにん	かんにん	【ごめんなさい】	ごめんなさい	大阪府
ごっつい	ごっつい	【とても】	とても	大阪府
かます	かます	【する】	する	大阪府
かます	かます	【言う】	いう	大阪府
きばる	きばる	【頑張る】	がんばる	大阪府
ええかっこしい	ええかっこしい	【格好つけている人】	かっこうつけているひと	大阪府
パチもん	ぱちもん	【偽物】	にせもの	大阪府
しょうみ	正味	【本当のところ】	ほんとうのところ	大阪府
いけず	いけず	【意地の悪い人】	いじのわるいひと	大阪府
ちゃっちゃと	ちゃっちゃと	【さっさと】	さっさと	大阪府
けったい	けったい	【不思議】	ふしぎ	大阪府
けったい	けったい	【おかしい】	おかしい	大阪府
じゃまくさい	邪魔くさい	【面倒くさい】	めんどうくさい	大阪府
シュッとしてる	しゅっとしてる	【格好いい】	かっこいい	大阪府
シュッとしてる	しゅっとしてる	【スタイルがいい】	すたいるがいい	大阪府
ちょける	ちょける	【ふざける】	ふざける	大阪府
いてまう	いてまう	【痛い目に合わせる】	いたいめにあわせる	大阪府
こそばい	こそばい	【くすぐったい】	くすぐったい	大阪府
ぐねる	ぐねる	【捻挫する】	ねんざする	大阪府
一丁噛み	いっちょかみ	【いちいち口をはさむ人】	いちいちくちをはさむひと	大阪府
おぼこい	おぼこい	【あどけない】	あどけない	大阪府
おぼこい	おぼこい	【世間知らず】	せけんしらず	大阪府
どんつき	どんつき	【道の突き当たり】	みちのつきあたり	大阪府
いらち	いらち	【せっかち】	せっかち	大阪府
いらち	いらち	【イライラしている人】	いらいらしているひと	大阪府
ほかす	ほかす	【捨てる】	すてる	大阪府
あんじょう	あんじょう	【上手に】	じょうずに	大阪府
あんじょう	あんじょう	【うまく】	うまく	大阪府
こすい	こすい	【ずるい】	ずるい	大阪府
なんぎ	難儀	【苦労】	くろう	大阪府
なんぎ	難儀	【困難】	こんなん	大阪府
ぬくい	ぬくい	【暖かい】	あたたかい	大阪府
めばちこ	めばちこ	【ものもらい】	ものもらい	大阪府
なんしか	なんしか	【とりあえず】	とりあえず	大阪府
なんしか	なんしか	【とにかく】	とにかく	大阪府
しらこい	しらこい	【白々しい】	しらじらしい	大阪府
あほ	あほ	【馬鹿】	ばか	大阪府
モータープール	もーたーぷーる	【駐車場】	ちゅうしゃじょう	大阪府
ふてこい	ふてこい	【ふてぶてしい】	ふてぶてしい	大阪府
さらぴん	さらぴん	【新品】	しんぴん	大阪府
いちびる	いちびる	【ふざける】	ふざける	大阪府
はみご	はみご	【仲間外れ】	なかまはずれ	大阪府
おっちん	おっちん	【ちゃんと座る】	ちゃんとすわる	大阪府
おっちん	おっちん	【正座する】	せいざする	大阪府
コマ	こま	【自転車の補助輪】	じてんしゃのほじょりん	大阪府
すかたん	すかたん	【まぬけ】	まぬけ	大阪府
すかたん	すかたん	【とんちんかん】	とんちんかん	大阪府
しゅむ	しゅむ	【料理の味がよく染みている】	りょうりのあじがよくしみている	大阪府
もむない	もむない	【おいしくない】	おいしくない	大阪府
せいだい	せいだい	【せいぜい】	せいぜい	大阪府
だぼ	だぼ	【馬鹿】	ばか	大阪府
ひにちぐすり	日にち薬	【養生して少しずつ回復すること】	ようじょうしてすこしずつかいふくすること	大阪府
べべ	べべ	【最下位】	さいかい	大阪府
ぼんち	ぼんち	【男の子】	おとこのこ	大阪府
ぼんち	ぼんち	【若旦那】	わかだんな	大阪府
えらい	えらい	【しんどい】	しんどい	大阪府
なおす	なおす	【片づける】	かたづける	大阪府
なおす	なおす	【物を元の場所にしまう】	ものをもとのばしょにしまう	大阪府
さらう	さらう	【お皿の料理を空にする】	おさらのりょうりをからにする	大阪府
つぶれる	つぶれる	【故障する】	こしょうする	大阪府
よばれる	よばれる	【ごちそうになる】	ごちそうになる	大阪府
よばれる	よばれる	【いただく】	いただく	大阪府
こなもん	粉もん	【小麦粉を使った料理】	こむぎこをつかったりょうり	大阪府
かしわ	かしわ	【鶏肉】	とりにく	大阪府
かいてんやき	回転焼き	【大判焼き】	おおばんやき	大阪府
こぶ	こぶ	【昆布】	こんぶ	大阪府
おこぶ	おこぶ	【昆布】	こんぶ	大阪府
にぬき	にぬき	【ゆで卵】	ゆでたまご	大阪府
かやくごはん	かやくご飯	【炊き込みご飯】	たきこみごはん	大阪府
たにんどん	他人丼	【他人丼】	たにんどん	大阪府
カンカン	かんかん	【缶】	かん	大阪府
たいたん	炊いたん	【煮物】	にもの	大阪府
おばんざい	おばんざい	【家庭料理】	かていりょうり	大阪府
あて	アテ	【お酒のおつまみ】	おさけのおつまみ	大阪府
つきだし	突き出し	【お通し】	おとおし	大阪府
マクド	まくど	【マクドナルド】	まくどなるど	大阪府
レイコー	れいこー	【アイスコーヒー】	あいすこーひー	大阪府
ハイカラうどん	はいからうどん	【天かすがのったうどん】	てんかすがのったうどん	大阪府
めりけんこ	メリケン粉	【小麦粉】	こむぎこ	大阪府
みんち	ミンチ	【ひき肉】	ひきにく	大阪府
おこうこ	おこうこ	【お漬物】	おつけもの	大阪府
おこうこ	おこうこ	【たくあん】	たくあん	大阪府
きずし	きずし	【しめサバ】	しめさば	大阪府
かんとうだき	関東炊き	【おでん】	おでん	大阪府
かんとうに	関東煮	【おでん】	おでん	大阪府
うち	うち	【私】	わたし	大阪府
わし	わし	【私】	わたし	大阪府
わて	わて	【私】	わたし	大阪府
あんた	あんた	【あなた】	あなた	大阪府
あんた	自分	【あなた】	あなた	大阪府
きみら	きみら	【あなたたち】	あなたたち	大阪府
ほんま	ほんま	【本当に】	ほんとうに	大阪府
あかん	あかん	【よくない】	よくない	大阪府
かまへん	かまへん	【問題ない】	もんだいない	大阪府
なんでやねん	なんでやねん	【なんでだよ】	なんでだよ	大阪府
ほな	ほな	【さようなら】	さようなら	大阪府
ちゃり	チャリ	【自転車】	じてんしゃ	大阪府
せや	せや	【そうだ】	そうだ	大阪府
おはようさん	おはようさん	【おはようございます】	おはようございます	京都府
かんにんしとくれやす	堪忍しとくれやす	【ごめんなさい】	ごめんなさい	京都府
ごめんやす	ほな、ごめんやす	【では、失礼します】	では、しつれいします	京都府
おおきに	おおきに	【ありがとう】	ありがとう	京都府
おきばりやす	おきばりやす	【頑張ってください】	がんばってください	京都府
さよですか	さよですか	【そうですか】	そうですか	京都府
ごきげんいかがどすか	ごきげんいかがどすか	【ごきげんいかがですか】	ごきげんいかがですか	京都府
ぼちぼち	ぼちぼち	【まあまあです】	まあまあです	京都府
しんどいねん	しんどいねん	【疲れた】	つかれた	京都府
ほなさいなら	ほなさいなら	【さようなら】	さようなら	京都府
おくれやす	おくれやす	【ください】	ください	京都府
おたべやす	お食べやす	【お食べください】	おたべください	京都府
おぶう	おぶう	【お茶】	おちゃ	京都府
いかがどすか	いかがどすか	【いかがですか】	いかがですか	京都府
ひやこい	ひやこい	【冷たい】	つめたい	京都府
ほんに	ほんに	【本当に】	ほんとうに	京都府
おいしおす	おいしおす	【おいしいです】	おいしいです	京都府
ええ	ええ	【良い】	よい	京都府
しゅんで	しゅんで	【染みて】	しみて	京都府
よばれる	よばれる	【ごちそうになる】	ごちそうになる	京都府
おばんざい	おばんざい	【お惣菜】	おそうざい	京都府
むしやしない	むしやしない	【間食】	かんしょく	京都府
まんま	まんま	【ご飯】	ごはん	京都府
ごんぼ	ごんぼ	【ごぼう】	ごぼう	京都府
おせん	おせん	【せんべい】	せんべい	京都府
こおこ	こおこ	【たくあん】	たくあん	京都府
どぼづけ	どぼ漬け	【ぬか漬け】	ぬかづけ	京都府
おまん	おまん	【饅頭】	まんじゅう	京都府
にぬき	にぬき	【ゆで卵】	ゆでたまご	京都府
おいでやす	おいでやす	【いらっしゃいませ】	いらっしゃいませ	京都府
たんと	たんと	【たくさん】	たくさん	京都府
なんぼ	なんぼ	【いくら】	いくら	京都府
かんざし	かんざし	【かんざし】	かんざし	京都府
よー	よー	【よく】	よく	京都府
うつってはります	うつってはります	【お似合いです】	おにあいです	京都府
なんぞ	なんぞ	【何か】	なにか	京都府
みつくろーて	みつくろーて	【見繕って】	みつくろって	京都府
くれはる	くれはる	【くださる】	くださる	京都府
あらしません	あらしません	【ありません】	ありません	京都府
買いモン	かいもん	【買い物】	かいもの	京都府
はんなり	はんなり	【上品で華やかな様子】	じょうひんではなやかなようす	京都府
もっさい	もっさい	【野暮ったい】	やぼったい	京都府
どんつき	どんつき	【突き当たり】	つきあたり	京都府
おっちん	おっちん	【座る】	すわる	京都府
あがる	あがる	【北へ行く】	きたへいく	京都府
さがる	さがる	【南へ行く】	みなみへいく	京都府
みとくれやす	見とくれやす	【ご覧ください】	ごらんください	京都府
みとぉみやす	見とぉみやす	【ご覧なさいませ】	ごらんなさいませ	京都府
ややこしい	ややこしい	【複雑だ】	ふくざつだ	京都府
あこ	あこ	【あそこ】	あそこ	京都府
すいば	すいば	【お気に入りの場所】	おきにいりのばしょ	京都府
にっちょ	にっちょ	【日曜日】	にちようび	京都府
みつからへん	みつからへん	【見つからない】	みつからない	京都府
あかん	あかん	【いけない】	いけない	京都府
あったこ	あったこ	【暖かく】	あたたかく	京都府
あて	あて	【私】	わたし	京都府
あないして	あないして	【あのようにして】	あのようにして	京都府
あほくさい	あほくさい	【馬鹿らしい】	ばからしい	京都府
あらくたい	あらくたい	【荒っぽい】	あらっぽい	京都府
あらへん	あらへん	【ない】	ない	京都府
あんじょー	あんじょー	【上手に】	じょうずに	京都府
いーひん	いーひん	【いない】	いない	京都府
いけず	いけず	【意地悪】	いじわる	京都府
いにしな	いにしな	【帰りがけ】	かえりがけ	京都府
いぬ	いぬ	【帰る】	かえる	京都府
いらち	いらち	【落ち着きがない】	おちつきがない	京都府
うつらはる	うつらはる	【似合われる】	にあわれる	京都府
えげつない	えげつない	【ひどい】	ひどい	京都府
えんばんと	えんばんと	【あいにく】	あいにく	京都府
おいど	おいど	【おしり】	おしり	京都府
おいない	おいない	【おいでなさい】	おいでなさい	京都府
おおきにありがとう	おおきにありがとう	【大変ありがとう】	たいへんありがとう	京都府
おせる	おせる	【教える】	おしえる	京都府
おべんちゃら	おべんちゃら	【お世辞】	おせじ	京都府
おやかまっさんどした	おやかまっさんどした	【お邪魔しました】	おじゃましました	京都府
かど	かど	【家の外】	いえのそと	京都府
かなんな	かなんな	【無理】	むり	京都府
かまへん	かまへん	【かまわない】	かまわない	京都府
かんにんしとぉくれやす	かんにんしとぉくれやす	【勘弁してください】	かんべんしてください	京都府
きずい	きずい	【わがまま】	わがまま	京都府
きずつない	きずつない	【申し訳ない】	もうしわけない	京都府
きにしぃ	きにしぃ	【神経質な人】	しんけいしつなひと	京都府
きばる	きばる	【頑張る】	がんばる	京都府
ぎょーさん	ぎょーさん	【たくさん】	たくさん	京都府
きょーび	きょーび	【今時】	いまどき	京都府
きよる	きよる	【来る】	くる	京都府
ぐつわるい	ぐつ悪い	【都合が悪い】	つごうがわるい	京都府
くれへん	くれへん	【くれない】	くれない	京都府
けったいなもん	けったいなもん	【変なもの】	へんなもの	京都府
こーて	こーて	【買って】	かって	京都府
さいでん	さいでん	【先ほど】	さきほど	京都府
さかいに	さかいに	【だから】	だから	京都府
しかつい	しかつい	【かたぐるしい】	かたぐるしい	京都府
じじむさい	じじむさい	【あか抜けしない】	あかぬけしない	京都府
しばく	しばく	【たたく】	たたく	京都府
じぶんどき	じぶんどき	【食事時】	しょくじどき	京都府
しもた	しもた	【しまった】	しまった	京都府
しょーもない	しょーもない	【つまらない】	つまらない	京都府
しんきくさい	しんきくさい	【じれったい】	じれったい	京都府
しんどい	しんどい	【苦しい、疲れている】	くるしいつかれている	京都府
すこい	すこい	【ずるい】	ずるい	京都府
せっしょーな	せっしょーな	【かわいそうな】	かわいそうな	京都府
せつろしい	せつろしい	【忙しい】	いそがしい	京都府
せなんだら	せなんだら	【しなければ】	しなければ	京都府
せんぐり	せんぐり	【次から次へと】	つぎからつぎへと	京都府
せんど	せんど	【たくさん】	たくさん	京都府
たいがい	たいがい	【いいかげんに】	いいかげんに	京都府
だいじおへん	だいじおへん	【差し支えない】	さしつかえない	京都府
たいそな	たいそな	【たいそうな】	たいそうな	京都府
だんないか	だんないか	【差し支えないか】	さしつかえないか	京都府
ちょちょこばる	ちょちょこばる	【かがむ】	かがむ	京都府
つうつう	つうつう	【物事が滞りなく進む】	ものごとがとどこおりなくすすむ	京都府
つべたい	つべたい	【冷たい】	つめたい	京都府
できひん	できひん	【できない】	できない	京都府
でぼちん	でぼちん	【おでこ】	おでこ	京都府
てんご	てんご	【悪ふざけ】	わるふざけ	京都府
どうえ	どうえ	【どうですか】	どうですか	京都府
どうどすやろ	どうどすやろ	【どうでしょうか】	どうでしょうか	京都府
さぶいぼ	さぶいぼ	【鳥肌】	とりはだ	京都府
どんくさい	どんくさい	【鈍い、不器用だ】	にぶいぶきようだ	京都府
なんぎ	なんぎ	【困った、苦労する】	こまったくろうする	京都府
なんしか	なんしか	【とにかく】	とにかく	京都府
ぬくい	ぬくい	【暖かい】	あたたかい	京都府
ねーもきかんと	ねーも聞かんと	【値段も聞かずに】	ねだんもきかずに	京都府
ねぶる	ねぶる	【なめる】	なめる	京都府
はしり	はしり	【台所の流し台】	だいどころのながしだい	京都府
はばかりさん	はばかりさん	【ご苦労様】	ごくろうさま	京都府
はる	はる	【なさる】	なさる	京都府
へぇ	へぇ	【はい】	はい	京都府
へたばらはった	へたばらはった	【お疲れになった】	おつかれになった	京都府
ぺちゃこい	ぺちゃこい	【平たい】	ひらたい	京都府
べったり	べったり	【ずっと】	ずっと	京都府
べっちゃこ	べっちゃこ	【最後】	さいご	京都府
べべ	べべ	【最後】	さいご	京都府
べべた	べべた	【最後、びり】	さいごびり	京都府
ほいない	ほいない	【はかない】	はかない	京都府
ほかす	ほかす	【捨てる】	すてる	京都府
ぼちぼち	ぼちぼち	【まあまあ】	まあまあ	京都府
ほっこりする	ほっこりする	【ほっとする】	ほっとする	京都府
ぼんさん	ぼんさん	【お坊さん】	おぼうさん	京都府
ほんま	ほんま	【本当】	ほんとう	京都府
まったり	まったり	【穏やかな口当たり】	おだやかなくちあたり	京都府
まどす	まどす	【弁償する】	べんしょうする	京都府
まむし	まむし	【うなぎの蒲焼】	うなぎのかばやき	京都府
めっそもない	めっそもない	【とんでもない】	とんでもない	京都府
やくたいな	やくたいな	【無茶な、迷惑な】	むちゃなめいわくな	京都府
やすけない	やすけない	【品がない】	ひんがない	京都府
やっちゃな	やっちゃな	【〜な奴だな】	なやつだな	京都府
やどがい	やどがい	【引越し】	ひっこし	京都府
ややこ	ややこ	【赤ん坊】	あかんぼう	京都府
ややこし	ややこし	【ややこしい】	ややこしい	京都府
やらこい	やらこい	【柔らかい】	やわらかい	京都府
やんか	やんか	【〜ではないでしょうか】	ではないでしょうか	京都府
よーけ	よーけ	【たくさん】	たくさん	京都府
らちあかん	らちあかん	【お話にならない】	おはなしにならない	京都府
わらける	わらける	【笑ってしまう】	わらってしまう	京都府
わりかし	わりかし	【比較的】	ひかくてき	京都府
かまへん	かまへん	【構わない、大丈夫】	かまわない、だいじょうぶ	京都府
あかん	あかん	【ダメ、いけない】	だめ、いけない	京都府
ほな	ほな	【それでは、そしたら】	それでは、そしたら	京都府
さいなら	さいなら	【さようなら】	さようなら	京都府
なおす	なおす	【片付ける、しまう】	かたづける、しまう	京都府
うち	うち	【私】	わたし	京都府
はんなり	はんなり	【優美な、華やかな】	ゆうびな、はなやかな	京都府
まったり	まったり	【落ち着いている、穏やか】	おちついている、おだやか	京都府
えらい	えらい	【とても、大変な】	とても、たいへんな	京都府
やさかい	〜やさかい	【〜だから】	〜だから	京都府
よろしゅうおあがりやす	よろしゅうおあがりやす	【どうぞお召し上がりください、お粗末様でした】	どうぞおめしあがりください、おそまつさまでした	京都府
すかたん	すかたん	【見当はずれ、とんちんかん】	けんとうはずれ、とんちんかん	京都府
けったいな	けったいな	【奇妙な、おかしな】	きみょうな、おかしな	京都府
わや	わや	【むちゃくちゃ、台無し】	むちゃくちゃ、だいなし	京都府
いちびる	いちびる	【調子に乗る、ふざける】	ちょうしにのる、ふざける	京都府
おいでやす	いでやす	【いらっしゃい】	いらっしゃい	京都府
ほな	ほな	【それでは・そしたら】	それでは・そしたら	京都府
しぶちん	しぶちん	【ケチ・吝嗇者】	けち・りんしょくしゃ	京都府
けったいな	けったいな	【変な・おかしな】	へんな・おかしな	京都府
しょーもない	しょーもない	【つまらない・くだらない】	つまらない・くだらない	京都府
もっさい	もっさい	【野暮ったい・あかぬけしない】	やぼったい・あかぬけしない	京都府
おおきに	おおきに	【ありがとう・たいへん】	ありがとう・たいへん	京都府
おはようおかえり	おはようおかえり	【いってらっしゃい】	いってらっしゃい	京都府
はんなり	はんなり	【陽気で上品な明るさ】	ようきでじょうひんなあかるさ	京都府
はばかりさん	はばかりさん	【ご苦労さん・お世話様】	ごくろうさん・おせわさま	京都府
ほっこりする	ほっこりする	【ほっとする・安心する】	ほっとする・あんしんする	京都府
おやかまっさん	おやかまっさん	【お邪魔しました・お騒がせしました】	おじゃましました・おさわがせしました	京都府
ややこしい	ややこしい	【複雑な・わずらわしい】	ふくざつな・わずらわしい	京都府
かまへん	かまへん	【構わない・大丈夫】	かまわない・だいじょうぶ	京都府
そやかて	そやかて	【だからといって・だって】	だからといって・だって	京都府
わや	わや	【台無し・無茶なこと】	だいなし・むちゃなこと	京都府
いきる	いきる	【調子に乗る・気張る】	ちょうしにのる・きばる	京都府
かんにんえ	かんにんえ	【ごめんね・許してください】	ごめんね・ゆるしてください	京都府
おくれやす	〜おくれやす	【〜ください】	ください	京都府
なんぎやなぁ	なんぎやなぁ	【困ったね】	こまったね	京都府
ほたえる	ほたえる	【たわむれる・じゃれ合う】	たわむれる・じゃれあう	京都府
よろしおあがりやす	よろしおあがりやす	【どうぞお召し上がりください・お粗末でした】	どうぞおめしあがりください・おそまつでした	京都府
あらける	あらける	【開きがある・火をかき広げる】	ひらきがある・ひをかきひろげる	京都府
いちびる	いちびる	【ふざける・調子に乗る】	ふざける・ちょうしにのる	京都府
しばく	しばく	【叩く】	たたく	京都府
おばんざい	おばんざい	【普段のお惣菜】	ふだんのおそうざい	京都府
あかん	あかん	【ダメだ・効果がない・役に立たない】	だめだ・こうかがない・やくにたたない	京都府
じゅんさいな	じゅんさいな	【いいかげんな・従順な】	いいかげんな・じゅうじゅんな	京都府
えげつない	えげつない	【ひどい・辛辣な】	ひどい・しんらつな	京都府
てれこ	てれこ	【逆さま・互い違い】	さかさま・たがいちがい	京都府
うつる	うつる	【似合う・調和する】	にあう・ちょうわする	京都府
いらう	いらう	【触る・もてあそぶ】	さわる・もてあそぶ	京都府
えずくろしい	えずくろしい	【くどくどしい・気味が悪い】	くどくどしい・きみがわるい	京都府
ちょちょこばる	ちょちょこばる	【うずくまる・かがむ】	うずくまる・かがむ	京都府
すかたん	すかたん	【見当はずれ・とんちんかん】	けんとうはずれ・とんちんかん	京都府
せわしない	せわしない	【忙しい・落ち着きがない】	いそがしい・おちつきがない	京都府
さら	さら	【新品・新しいもの】	しんぴん・あたらしいもの	京都府
すかたん	すかたん	【とんちんかん】	とんちんかん	京都府
あかん	あかん	【ダメ・いけない】	だめ・いけない	京都府
あじない	あじない	【美味しくない】	おいしくない	京都府
あまえた	甘えた	【甘えん坊】	あまえんぼう	京都府
いちびる	いちびる	【調子に乗ってふざける】	ちょうしにのってふざける	京都府
いらう	いらう	【触る】	さわる	京都府
いらやき	いらやき	【生焼け】	なまやけ	京都府
あがる	あがる	【北へ向かう】	きたへむかう	京都府
さがる	さがる	【南へ向かう】	みなみへむかう	京都府
せつろしい	せつろしい	【気忙しい】	きぜわしい	京都府
せんぐり	せんぐり	【何度も何度も】	なんどもなんども	京都府
〜よし	〜よし	【〜しなさい】	〜しなさい	京都府
かなん	かなん	【困る】	こまる	京都府
〜さかい	〜さかい	【〜だから・〜なので】	〜だから・〜なので	京都府
しんどい	しんどい	【疲れた・辛い】	つかれた・つらい	京都府
なおす	なおす	【片づける】	かたづける	京都府
たく	炊く	【煮る】	にる	京都府
だんない	だんない	【大丈夫】	だいじょうぶ	京都府
のく	のく	【退く・避ける】	どく・さける	京都府
はんなり	はんなり	【おしとやか・華やか】	おしとやか・はなやか	京都府
ほたえる	ほたえる	【ふざける】	ふざける	京都府
おまん	おまん	【お饅頭】	おまんじゅう	京都府
もむない	もむない	【美味しくない・不味い】	おいしくない・まずい	京都府
おいでやす	おいでやす	【いらっしゃい】	いらっしゃい	京都府
どない	どない	【どうですか】	どうですか	京都府
けったい	けったい	【おかしい・不思議】	おかしい・ふしぎ	京都府
しぶちん	しぶちん	【ケチ】	けち	京都府
ほっこり	ほっこり	【少し疲れた】	すこしつかれた	京都府
かんにん	かんにん	【ごめんなさい】	ごめんなさい	京都府
なんぎ	なんぎ	【困った】	こまった	京都府
ちょちょこばる	ちょちょこばる	【しゃがむ・うずくまる】	しゃがむ・うずくまる	京都府
さら	さら	【新品】	しんぴん	京都府
しゅんでる	しゅんでる	【味がよく染み込んでいる】	あじがよくしみこんでいる	京都府
むしやしない	むしやしない	【軽食】	けいしょく	京都府
おこうこ	おこうこ	【漬物】	つけもの	京都府
よせる	よせる	【仲間に入れる】	なかまにいれる	京都府
かいらしい	かいらしい	【可愛い】	かわいい	京都府
めいぼ	めいぼ	【ものもらい】	ものもらい	京都府
チャイチャイ	チャイチャイ	【お風呂】	おふろ	京都府
におぐ	におぐ	【匂いを嗅ぐ】	においをかぐ	京都府
やつす	やつす	【おめかしをする】	おめかしをする	京都府
ぎょうさん	ぎょうさん	【たくさん】	たくさん	京都府
べべたこ	べべたこ	【びり・最下位】	びり・さいかい	京都府
えらい	えらい	【しんどい・随分】	しんどい・ずいぶん	京都府
どえらい	どえらい	【とてつもなく・途方もない】	とてつもなく・とほうもない	京都府
ほな	ほな	【さようなら・それでは】	さようなら・それでは	京都府
こそばい	こそばい	【くすぐったい】	くすぐったい	京都府
おかぼ	おかぼ	【かぼちゃ】	かぼちゃ	京都府
はばかりさん	はばかりさん	【お疲れ様】	おつかれさま	京都府
おやかまっさん	おやかまっさん	【お邪魔しました】	おじゃましました	京都府
しょうもない	しょうもない	【くだらない】	くだらない	京都府
えんばんと	えんばんと	【生憎】	あいにく	京都府
おっちん	おっちん	【正座をしてきちんと座る】	せいざをしてきちんとすわる	京都府
かさぶる	かさぶる	【大げさに振る舞う】	おおげさにふるまう	京都府
いらち	いらち	【イライラしやすい人】	いらいらしやすいひと	京都府
せわしない	せわしない	【忙しい】	いそがしい	京都府
わや	わや	【めちゃくちゃになる・ダメになる】	めちゃくちゃになる・だめになる	京都府
えげつない	えげつない	【程度が酷い】	ていどがひどい	京都府
あかんたれ	あかんたれ	【意気地がない人】	いくじがないひと	京都府
しばく	しばく	【叩く・殴る】	たたく・なぐる	京都府
きにしい	気にしい	【些細なことでも気にする人】	ささいなことでもきにするひと	京都府
かにここ	かにここ	【ギリギリ・ちょっとだけ】	ぎりぎり・ちょっとだけ	京都府
あしあらい	足洗い	【打ち上げ・慰労会】	うちあげ・いろうかい	京都府
へんねし	へんねし	【拗ねたり僻むこと】	すねたりひがむこと	京都府
てんご	てんご	【悪ふざけ・悪戯】	わるふざけ・いたずら	京都府
やすけない	やすけない	【品がなく安っぽい】	ひんがなくやすっぽい	京都府
やいと	やいと	【お灸】	おきゅう	京都府
あらくたい	あらくたい	【荒々しく乱暴】	あらあらしくらんぼう	京都府
おぶ	おぶ	【お茶】	おちゃ	京都府
ぶぶ	ぶぶ	【お茶】	おちゃ	京都府
あいさに	あいさに	【時々】	ときどき	京都府
こーとな	こーとな	【地味だが上品】	じみだがじょうひん	京都府
へたる	へたる	【風邪や疲れで動けなくなる】	かぜやつかれでうごけなくなる	京都府
だだからい	だだ辛い	【塩辛い】	しおからい	京都府
てずま	てずま	【手品】	てじな	京都府
なりくそわるい	なりくそわるい	【体裁が悪い】	ていさいがわるい	京都府
はげちょろけ	はげちょろけ	【色褪せている】	いろあせている	京都府
みょうがにわるい	冥加に悪い	【もったいない】	もったいない	京都府
じぶんどき	自分時	【食事をとる時間】	しょくじをとるじかん	京都府
けなるい	けなるい	【羨ましい】	うらやましい	京都府
けなりい	けなりい	【羨ましい】	うらやましい	京都府
ひろうす	ひろうす	【がんもどき】	がんもどき	京都府
ひりょうず	ひりょうず	【がんもどき】	がんもどき	京都府
きずい	きずい	【我儘】	わがまま	京都府
やにこい	やにこい	【ひ弱で壊れやすい】	ひよわでこわれやすい	京都府
じょさいない	じょさいない	【気が利いていて抜け目がない】	きがきいていてぬけめがない	京都府
じじむさい	じじむさい	【垢抜けておらずダサい】	あかぬけておらずださい	京都府
おはなにいく	おはなに行く	【お茶会・宴会などでお座敷へ上がる】	おちゃかい・えんかいなどでおざしきへあがる	京都府
せきもん	せきもん	【急な仕事・急ぎの物事】	きゅうなしごと・いそぎのものごと	京都府
まいまい	まいまい	【うろうろする】	うろうろする	京都府
ごきんとはん	ごきんとはん	【義理堅い・礼儀正しい・丁寧】	ぎりがたい・れいぎただしい・ていねい	京都府
ろーじ	ろーじ	【路地】	ろじ	京都府
あいや	あいや	【足】	あし	京都府
おいない	おいない	【いらっしゃい・どうぞ】	いらっしゃい・どうぞ	京都府
おくたぶれさんどした	おくたぶれさんどした	【お疲れさまでした】	おつかれさまでした	京都府
おけんたい	おけんたい	【当然】	とうぜん	京都府
おまっとさん	おまっとさん	【お待ちどうさま】	おまちどうさま	京都府
けつぎり	けつぎり	【思いっきり】	おもいっきり	京都府
さきら	さきら	【将来】	しょうらい	京都府
しゃっちもない	しゃっちもない	【馬鹿馬鹿しい・しょうもない】	ばかばかしい・しょうもない	京都府
しかつい	しかつい	【もっともらしい・しっかりとした】	もっともらしい・しっかりとした	京都府
にじくる	にじくる	【なすりつける】	なすりつける	京都府
らっちもない	らっちもない	【他愛もない】	たわいもない	京都府
やわやわ	やわやわ	【おはぎ】	おはぎ	京都府
おまく	おまく	【枕】	まくら	京都府
べた	べた	【牛車】	ぎっしゃ	京都府
できもん	できもん	【吹き出物】	ふきでもの	京都府
おあげさん	お揚げさん	【油揚げ】	あぶらあげ	京都府
よごみ	よごみ	【ヨモギ】	よもぎ	京都府
ちゃちゃ入れる	ちゃちゃいれる	【邪魔をする】	じゃまをする	京都府
おこぼ	おこぼ	【ぽっくり下駄】	ぽっくりげた	京都府
ぐじ	ぐじ	【鯛】	たい	京都府
こんじょわる	こんじょわる	【意地が悪い】	いじがわるい	京都府
ちょか	ちょか	【落ち着きがないせっかちな人】	おちつきがないせっかちなひと	京都府
あらける	あらける	【開きがある】	ひらきがある	京都府
おてぼん	おてぼん	【お盆を使わずにお茶を出すこと】	おぼんをつかわずにおちゃをだすこと	京都府
おさがり	おさがり	【雨降り・供え物を下げたもの】	あめふり・そなえものをさげたもの	京都府
おてまいり	おてまいり	【手間がかかること】	てまがかかること	京都府
こないだうち	こないだうち	【この間・先日】	このあいだ・せんじつ	京都府
まどす	まどす	【償う・弁償する】	つぐなう・べんしょうする	京都府
まねし	まねし	【真似をする人】	まねをするひと	京都府
みかさ	みかさ	【どら焼き】	どらやき	京都府
しょうびんな	しょうびんな	【思っていたより小さく貧相】	おもっていたよりちいさくひんそう	京都府
しまつする	しまつする	【節約・倹約する】	せつやく・けんやくする	京都府
おしたじ	おしたじ	【醤油】	しょうゆ	京都府
すか	すか	【はずれ】	はずれ	京都府
ねちこい	ねちこい	【しつこい】	しつこい	京都府
つくり	つくり	【お刺身】	おさしみ	京都府
やらかい	やらかい	【柔らかい】	やわらかい	京都府
あたん	あたん	【仕返し】	しかえし	京都府
はんちゃらけ	はんちゃらけ	【中途半端】	ちゅうとはんぱ	京都府
ふくろべる	ふくろべる	【ほころびる】	ほころびる	京都府
かえこと	かえこと	【交換】	こうかん	京都府
きずつない	きずつない	【心苦しい・申し訳ない】	こころぐるしい・もうしわけない	京都府
かちん	かちん	【餅】	もち	京都府
すもじ	すもじ	【寿司】	すし	京都府
あらけない	あらけない	【扱いが乱暴】	あつかいがらんぼう	京都府
かんこくさい	かんこくさい	【焦げ臭い・きな臭い】	こげくさい・きなくさい	京都府
あてもん	あてもん	【福引き】	ふくびき	京都府
いじましい	いじましい	【意地汚い】	いじきたない	京都府
もらいずて	もらいずて	【贈り物をいただいてお返しをしないこと】	おくりものをいただいておかえしをしないこと	京都府
〜とーみ	〜とーみ	【〜してごらん】	〜してごらん	京都府
おてしょ	おてしょ	【小皿】	こざら	京都府
きさんじ	きさんじ	【人懐っこい・のんき】	ひとなつっこい・のんき	京都府
ようけ	ようけ	【たくさん】	たくさん	京都府
あんする	あんする	【困る・お辞儀をする】	こまる・おじぎをする	京都府
おふくわけ	おふくわけ	【御裾分け】	おすそわけ	京都府
いか	いか	【凧】	たこ	京都府
あいさに	あいさに	【たまに】	たまに	奈良県
あいやこ	あいやこ	【共有】	きょうゆう	奈良県
あくち	あくち	【口のふちが赤くただれる】	くちのふちがあかくただれる	奈良県
あくもんじゃなー	あくもんじゃなー	【だめだ】	だめだ	奈良県
あけのひ	あけのひ	【翌日】	よくじつ	奈良県
あっちゃべら	あっちゃべら	【あちら側】	あちらがわ	奈良県
あっぺ	あっぺ	【大便】	だいべん	奈良県
あとえする	あとえする	【二の足を踏む】	にのあしをふむ	奈良県
あとにゃー	あとにゃー	【先日は】	せんじつは	奈良県
あまい	あまい	【菓子】	かし	奈良県
あも	あも	【餅】	もち	奈良県
あやかす	あやかす	【世話をかける】	せわをかける	奈良県
あんじょう	あんじょう	【うまく】	うまく	奈良県
いお	いお	【魚】	さかな	奈良県
いけいけ	いけいけ	【問い合わせ】	といあわせ	奈良県
いじりつむ	いじりつむ	【うずくまる】	うずくまる	奈良県
いっけ	いっけ	【親戚】	しんせき	奈良県
いぬ	いぬ	【帰る】	かえる	奈良県
いのく	いのく	【動く】	うごく	奈良県
いまさき	いまさき	【ついさっき】	ついさっき	奈良県
いらう	いらう	【触る】	さわる	奈良県
うたて	うたて	【情けない】	なさけない	奈良県
うわか	うわか	【表面】	ひょうめん	奈良県
うんすけ	うんすけ	【たくさん】	たくさん	奈良県
うんつく	うんつく	【馬鹿者】	ばかもの	奈良県
えーし	えーし	【資産家】	しさんか	奈良県
えらい	えらい	【たいそう、大変】	たいそう、たいへん	奈良県
おーがっそー	おーがっそー	【頭髪がぼさぼさな状態】	とうはつがぼさぼさなじょうたい	奈良県
おが	おが	【カメムシ】	かめむし	奈良県
おじゅっさん	おじゅっさん	【お住職】	おじゅうしょく	奈良県
おたいまつ	おたいまつ	【東大寺二月堂の修二会】	とうだいじにがつどうのお水取り	奈良県
おたびら	おたびら	【あぐら】	あぐら	奈良県
おっぱん	おっぱん	【仏に供える御飯】	ほとけにそなえるごはん	奈良県
おとろしい	おとろしい	【わずらわしい】	わずらわしい	奈良県
おとんぼ	おとんぼ	【末っ子】	すえっこ	奈良県
おびやご	おびやご	【赤子】	あかご	奈良県
おんづまり	おんづまり	【無理の結果】	むりのけっか	奈良県
かいとまわり	かいとまわり	【アオダイショウ】	あおだいしょう	奈良県
かいはつ	かいはつ	【十分でないこと】	じゅうぶんでないこと	奈良県
がいろくだま	がいろくだま	【おたまじゃくし】	おたまじゃくし	奈良県
かえこと	かえこと	【交換】	こうかん	奈良県
かかりがまい	かかりがまい	【関係】	かんけい	奈良県
かく	かく	【持ち上げる】	もちあげる	奈良県
かざ	かざ	【臭気】	しゅうき	奈良県
がしんたれ	がしんたれ	【けち】	けち	奈良県
がんじ	がんじ	【丸薬】	がんやく	奈良県
きける	きける	【疲れる、弱る】	つかれる、よわる	奈良県
きさんじ	きさんじ	【素直、きまじめ】	すなお、きまじめ	奈良県
きっしょ	きっしょ	【しおどき】	しおどき	奈良県
きょうとい	きょうとい	【あきれるような】	あきれるような	奈良県
きりこ	きりこ	【餅をサイの目に刻んだあられ】	もちをさいのめにきざんだあられ	奈良県
くいたち	くいたち	【食べた直後】	たべたちょくご	奈良県
ぐいち	ぐいち	【ちぐはぐ】	ちぐはぐ	奈良県
くえる	くえる	【崩れる】	くずれる	奈良県
くき	くき	【菜漬】	なづけ	奈良県
くつな	くつな	【蛇】	へび	奈良県
くみる	くみる	【朽ちる、発酵する】	くちる、はっこうする	奈良県
くもじ	くもじ	【菜漬物】	なづけもの	奈良県
ぐるめ	ぐるめ	【合算して】	がっさんして	奈良県
けなるい	けなるい	【うらやましい】	うらやましい	奈良県
げんろく	げんろく	【膝頭】	ひざがしら	奈良県
こーと	こーと	【地味】	じみ	奈良県
こくま	こくま	【松の落ち葉】	まつのおちば	奈良県
こころわるい	こころわるい	【気持ちがよくない、不快】	きもちがよくない、ふかい	奈良県
こすい	こすい	【ずるい】	ずるい	奈良県
こっとん	こっとん	【私の家】	わたしのいえ	奈良県
こまる	こまる	【はさまる】	はさまる	奈良県
ごりがん	ごりがん	【強情者】	ごうじょうもの	奈良県
ごんた	ごんた	【いたずらっこ、悪さをする子】	いたずらっこ、わるさをするこ	奈良県
さいら、さいれ	さいら、さいれ	【秋刀魚】	さんま	奈良県
さかむけ	さかむけ	【ささくれ】	ささくれ	奈良県
さかめいる	さかめいる	【酒乱】	しゅらん	奈良県
さくい	さくい	【もろい】	もろい	奈良県
ささりかんじょう	ささりかんじょう	【必要もないこと】	ひつようもないこと	奈良県
ししなげ	ししなげ	【汚い溝】	きたないみぞ	奈良県
しつべけりゃあー	しつべけりゃあー	【できるならば】	できるならば	奈良県
しなこい	しなこい	【やわらかい】	やわらかい	奈良県
じょうだり	じょうだり	【いつも】	いつも	奈良県
じょうほう	じょうほう	【両方】	りょうほう	奈良県
しょーぶわけ	しょーぶわけ	【形見分け】	かたみわけ	奈良県
しるい	しるい	【ぬかるんでいる】	ぬかるんでいる	奈良県
しわい	しわい	【けち】	けち	奈良県
すえかえし	すえかえし	【お歳暮】	おせいぼ	奈良県
ずくずく	ずくずく	【びしょびしょ】	びしょびしょ	奈良県
ずつない	ずつない	【体調が悪い】	たいちょうがわるい	奈良県
すま、すまんだ	すま、すまんだ	【隅っこ】	すみっこ	奈良県
せぇだい	せぇだい	【精一杯】	せいいっぱい	奈良県
せすい	せすい	【利益の薄い】	りえきのうすい	奈良県
せたらう	せたらう	【背負う】	せおう	奈良県
せちがいまくる	せちがいまくる	【厳しくしかる】	きびしくしかる	奈良県
せんぐり	せんぐり	【次々に】	つぎつぎに	奈良県
せんど	せんど	【何度も】	なんども	奈良県
ぞうよう	ぞうよう	【費用】	ひよう	奈良県
そーのー	そーのー	【家屋に隣接する畑】	かおくにりんせつするはたけ	奈良県
たいこうさん	たいこうさん	【背丈の低い人】	せたけのひくいひと	奈良県
ただいも	ただいも	【里芋】	さといも	奈良県
たなもと	たなもと	【流し台】	ながしだい	奈良県
たばる	たばる	【神仏の前から供え物を下げていただくこと】	しんぶつのまえからそなえものをさげていただくこと	奈良県
ため	ため	【贈答品の返礼】	ぞうとうひんのへんれい	奈良県
だんない	だんない	【差し支えない、構わない】	さしつかえない、かまわない	奈良県
ちょつくぼる	ちょつくぼる	【しゃがむ】	しゃがむ	奈良県
つかえる	つかえる	【混雑する】	こんざつする	奈良県
つべい	つべい	【できる】	できる	奈良県
つむ	つむ	【込み合う】	こみあう	奈良県
てしょ	てしょ	【皿】	さら	奈良県
でらい	でらい	【大きい】	おおきい	奈良県
てらてら	てらてら	【朝焼け】	あさやけ	奈良県
てれこ	てれこ	【反対】	はんたい	奈良県
てんごする	てんごする	【戯れる】	たわむれる	奈良県
てんちゃん	てんちゃん	【お手玉】	おてだま	奈良県
といれる	といれる	【取り込む】	とりこむ	奈良県
とうろくまめ	とうろくまめ	【インゲン豆】	いんげんまめ	奈良県
とこぎり	とこぎり	【徹底的に】	てっていてきに	奈良県
とこねん	とこねん	【夕涼みの台】	ゆうすずみのだい	奈良県
とっきょり	とっきょり	【盆や正月などの晴れの日】	ぼんやしょうがつなどのはれのひ	奈良県
どやぐ	どやぐ	【大声で叫ぶ】	おおごえでさけぶ	奈良県
どやす	どやす	【なぐりとばす】	なぐりとばす	奈良県
どろこす	どろこす	【あふれ出る】	あふれでる	奈良県
どんな	どんな	【頭の鈍い】	あたまのにぶい	奈良県
ながたん	ながたん	【包丁】	ほうちょう	奈良県
なかなか	なかなか	【どういたしまして】	どういたしまして	奈良県
なめくぢら	なめくぢら	【なめくじ】	なめくじ	奈良県
なんじゅー	なんじゅー	【困る】	こまる	奈良県
にこ	にこ	【道から立つ白い土埃】	みちからたつしろいつちぼこり	奈良県
にすい	にすい	【馬鹿な】	ばかな	奈良県
ねき	ねき	【そば】	そば	奈良県
ねそ	ねそ	【おもくるしく気の利かない人】	おもくるしくきのきかないひと	奈良県
ねぶち	ねぶち	【値打ち】	ねうち	奈良県
ねまる	ねまる	【筋肉が痛い】	きんにくがいたい	奈良県
はじし	はじし	【歯茎】	はぐき	奈良県
はそん	はそん	【修繕】	しゅうぜん	奈良県
はちがつだいみょう	はちがつだいみょう	【農家がゆっくりできる8月のこと】	のうかがゆっくりできるはちがつのこと	奈良県
はっぽする	はっぽする	【さえぎる】	さえぎる	奈良県
はわす	はわす	【もらいものをよそへ回す】	もらいものをよそへまわす	奈良県
はんがい	はんがい	【むかつく】	むかつく	奈良県
はんざいこ	はんざいこ	【隙間】	すきま	奈良県
はんつ	はんつ	【数の不揃い】	かずのふぞろい	奈良県
はんつ	はんつ	【半端】	はんぱ	奈良県
ひずかし	ひずかし	【間食】	かんしょく	奈良県
ひだるい	ひだるい	【腹が減って力が出ない】	はらがへってちからがでない	奈良県
ひだるがみ	ひだるがみ	【山中で出くわす悪霊】	さんちゅうででくわすあくりょう	奈良県
ひちてんごう	ひちてんごう	【いらないこと】	いらないこと	奈良県
ひやこい	ひやこい	【冷たい】	つめたい	奈良県
ふーする	ふーする	【服を着る】	ふくをきる	奈良県
へちゃ、へちゃむくれ	へちゃ、へちゃむくれ	【ブサイク、ブス】	ぶさいく、ぶす	奈良県
べった	べった	【最後、びり】	さいご、びり	奈良県
へんじょぉこんごぉ	へんじょぉこんごぉ	【ごたごたいうこと】	ごたごたいうこと	奈良県
へんねし	へんねし	【やきもち、嫉妬】	やきもち、しっと	奈良県
ほーせき	ほーせき	【おやつ】	おやつ	奈良県
ほげたあく	ほげたあく	【口答えする】	くちごたえする	奈良県
ほしい	ほしい	【惜しい】	おしい	奈良県
ぼっこ	ぼっこ	【すごい、ひどい】	すごい、ひどい	奈良県
ほっこりせん	ほっこりせん	【思わしくない】	おもわしくない	奈良県
ほどらい	ほどらい	【適度、良い加減】	てきど、いいかげん	奈良県
ほん	ほん	【ほんとうに】	ほんとうに	奈良県
ほんだち	ほんだち	【それでも】	それでも	奈良県
ほんま	ほんま	【ほんとう】	ほんとう	奈良県
ほんまに？	ほんまに？	【ほんとうに？】	ほんとうに？	奈良県
まいて	まいて	【仲間に入れて】	なかまにいれて	奈良県
まくばる	まくばる	【一様にいきわたる】	いちようにいきわたる	奈良県
またい	またい	【おっとりしている、のんびりしている】	おっとりしている、のんびりしている	奈良県
まっしき	まっしき	【まったく】	まったく	奈良県
まとう	まとう	【弁償する】	べんしょうする	奈良県
まねくそ	まねくそ	【ほんの少し】	ほんのすこし	奈良県
まわり	まわり	【準備】	じゅんび	奈良県
むかじ	むかじ	【百足】	むかで	奈良県
むかわり	むかわり	【一周忌】	いっしゅうき	奈良県
むげっしょ	むげっしょ	【無慈悲】	むじひ	奈良県
むねやま	むねやま	【畝傍山】	うねびやま	奈良県
めんずりほど	めんずりほど	【わずか】	わずか	奈良県
めんめ	めんめ	【わたし、各自、自分自身】	わたし、かくじ、じぶんじしん	奈良県
もむない	もむない	【おいしくない、まずい】	おいしくない、まずい	奈良県
やくたい	やくたい	【手のつけようもない】	てのつけようもない	奈良県
やにこい	やにこい	【粗悪で貧弱な】	そあくでひんじゃくな	奈良県
ようず	ようず	【むしむし暑い】	むしむしあつい	奈良県
よーず	よーず	【梅雨の蒸し暑い天候】	つゆのむしあついてんこう	奈良県
よくせき	よくせき	【よほど、よくよく】	よほど、よくよく	奈良県
よこすっぽ	よこすっぽ	【横面】	よこづら	奈良県
よさり	よさり	【夜】	よる	奈良県
よばれる	よばれる	【ごちそうになる、食べる】	ごちそうになる、たべる	奈良県
ろっく	ろっく	【平坦、平ら】	へいたん、たいら	奈良県
あた	あた	【あなた】	あなた	熊本県
あいた	あいた	【感嘆の言葉】	かんたんのことば	熊本県
あくしゃうつ	あくしゃうつ	【イライラする】	いらいらする	熊本県
あご	あご	【屁理屈を述べる様子・行動が伴っていない】	へりくつをのべるようす・こうどうがともなっていない	熊本県
あっちゃん	あっちゃん	【あっち・あそこ】	あっち・あそこ	熊本県
あど	あど	【靴のかかと部分】	くつのかかとぶぶん	熊本県
あとぜき	あとぜき	【開けた扉などを最後まで閉める】	あけたとびらなどをさいごまでしめる	熊本県
あらくたましい	あらくたましい	【荒々しい・粗雑】	あらあらしい・そざつ	熊本県
あるしこ	あるしこ	【あるだけ】	あるだけ	熊本県
あしこ	あしこ	【あれだけ】	あれだけ	熊本県
いたらんこつ	いたらんこつ	【余計なこと・悪いこと】	よけいなこと・わるいこと	熊本県
いっちょん	いっちょん	【全く】	まったく	熊本県
いみる	いみる	【増える】	ふえる	熊本県
いやしか	いやしか	【食べ方のマナーが悪い・食い尽くす】	たべかたのまなーがわるい・くいつくす	熊本県
うっちょく	うっちょく	【置いていく】	おいていく	熊本県
うしつる	うしつる	【捨てる】	すてる	熊本県
うっくざる	うっくざる	【壊れる】	こわれる	熊本県
えーくらう	えーくらう	【酔っ払い】	よっぱらい	熊本県
ええころかげん	ええころかげん	【適当】	てきとう	熊本県
えしれん	えしれん	【よく分からない・不気味】	よくわからない・ぶきみ	熊本県
えじー・おじー	えじー・おじー	【怖い】	こわい	熊本県
えらい	えらい	【たくさん】	たくさん	熊本県
おこなえんばい	おこなえんばい	【どうしようもない】	どうしようもない	熊本県
おごられる	おごられる	【怒られる】	おこられる	熊本県
おどん	おどん	【私】	わたし	熊本県
おひめさん	おひめさん	【ものもらい】	ものもらい	熊本県
おめく	おめく	【叫ぶ】	さけぶ	熊本県
おもさん	おもさん	【たくさん】	たくさん	熊本県
おる	おる	【いる】	いる	熊本県
おろよか	おろよか	【あまりいいものではない】	あまりいいものではない	熊本県
かかじる	かかじる	【かきむしる】	かきむしる	熊本県
かごむ	かごむ	【しゃがむ】	しゃがむ	熊本県
かせ	かせ	【手伝い】	てつだい	熊本県
かたる	かたる	【加わる】	くわわる	熊本県
かつがつ	かつがつ	【都度・少しずつ】	つど・すこしずつ	熊本県
かつれる	かつれる	【慌てて食べる】	あわててたべる	熊本県
かぶる	かぶる	【受ける】	うける	熊本県
がまだす	がまだす	【頑張る】	がんばる	熊本県
からう	からう	【背負う】	せおう	熊本県
かんなし	かんなし	【加減を知らない】	かげんをしらない	熊本県
きな	きな	【黄色】	きいろ	熊本県
きなっせ	きなっせ	【ここにおいで】	ここにおいで	熊本県
きびる	きびる	【くくる・結ぶ】	くくる・むすぶ	熊本県
ぎゃん	ぎゃん	【こんな感じで】	こんなかんじで	熊本県
くろち	くろち	【内出血】	ないしゅっけつ	熊本県
げさっか	げさっか	【下品】	げひん	熊本県
けつまづく	けつまづく	【転ぶ】	ころぶ	熊本県
こすか	こすか	【ケチ】	けち	熊本県
こすたくりん	こすたくりん	【ケチな人】	けちなひと	熊本県
こづむ	こづむ	【積む】	つむ	熊本県
さかたくり	さかたくり	【逆さま】	さかさま	熊本県
さしより	さしより	【とりあえず】	とりあえず	熊本県
さろく	さろく	【うろうろする】	うろうろする	熊本県
さん	さん	【方角や方向の指示につく言葉】	ほうがくやほうこうのしじにつくことば	熊本県
しかぶる	しかぶる	【漏らす】	もらす	熊本県
しきる	しきる	【できる】	できる	熊本県
しこる	しこる	【かっこつける】	かっこつける	熊本県
じじ	じじ	【魚】	さかな	熊本県
しちゃかちゃ	しちゃかちゃ	【めちゃくちゃ】	めちゃくちゃ	熊本県
しゃんもっでん	しゃんもっでん	【どうしても】	どうしても	熊本県
じゅったんぼ	じゅったんぼ	【ぐちゃぐちゃな田んぼ】	ぐちゃぐちゃなたんぼ	熊本県
しょんなか	しょんなか	【仕方がない】	しかたがない	熊本県
ずんだれ	ずんだれ	【だらしがない】	だらしがない	熊本県
せからしか	せからしか	【うるさい】	うるさい	熊本県
せせくる	せせくる	【触る・いじる】	さわる・いじる	熊本県
そーにゃ	そーにゃ	【とても】	とても	熊本県
そうすっとしゃが	そうすっとしゃが	【そうすると】	そうすると	熊本県
そりくりかえる	そりくりかえる	【のけぞる】	のけぞる	熊本県
ぞろびく	ぞろびく	【引きずる】	ひきずる	熊本県
たいぎゃ	たいぎゃ	【とても】	とても	熊本県
たきわる	たきわる	【破産する】	はさんする	熊本県
たまがる	たまがる	【びっくりする】	びっくりする	熊本県
ちぎる	ちぎる	【もぎ取る】	もぎとる	熊本県
ちゃんから	ちゃんから	【粗悪品】	そあくひん	熊本県
つ	つ	【かさぶた】	かさぶた	熊本県
つくじる	つくじる	【触る】	さわる	熊本県
つくれん	つくれん	【つまらない】	つまらない	熊本県
つこくる	つこくる	【転ぶ】	ころぶ	熊本県
つっぽぐ	つっぽぐ	【穴をあける】	あなをあける	熊本県
つめる	つめる	【鍵を閉める】	かぎをしめる	熊本県
ててんご	ててんご	【手遊び】	てあそび	熊本県
でべそ	でべそ	【目立ちたがり屋】	めだちたがりや	熊本県
てれっと	てれっと	【ぼーっとしている様子】	ぼーっとしているようす	熊本県
どーし	どーし	【すごい】	すごい	熊本県
どげだっか	どげだっか	【胃もたれするほどの濃さ・派手さ】	いもたれするほどのこさ・はでさ	熊本県
とごえる	とごえる	【ふざける】	ふざける	熊本県
とつけむにゃー	とつけむにゃー	【とんでもない】	とんでもない	熊本県
どんこん	どんこん	【どうもこうも】	どうもこうも	熊本県
なおす	なおす	【片づける】	かたづける	熊本県
なしか	なしか	【なぜ】	なぜ	熊本県
なばんごつ	なばんごつ	【大量・とても】	たいりょう・とても	熊本県
なんごつ	なんごつ	【何事】	なにごと	熊本県
なんさま	なんさま	【とにかく】	とにかく	熊本県
なんとんつくれん	なんとんつくれん	【くだらない】	くだらない	熊本県
にくじ	にくじ	【嫌味】	いやみ	熊本県
ぬすけ	ぬすけ	【まぬけ】	まぬけ	熊本県
ねまる	ねまる	【腐る】	くさる	熊本県
ねんかかる	ねんかかる	【もたれかかる】	もたれかかる	熊本県
のうなる	のうなる	【なくなる】	なくなる	熊本県
のさる	のさる	【入手する・もらう】	にゅうしゅする・もらう	熊本県
はいよ	はいよ	【ください】	ください	熊本県
はがいか	はがいか	【悔しい】	くやしい	熊本県
ばたくらう	ばたくらう	【忙しい】	いそがしい	熊本県
ばちかぶる	ばちかぶる	【罰が当たる】	ばちがあたる	熊本県
ばちくりかやす	ばちくりかやす	【ひっくり返す】	ひっくりかえす	熊本県
はってく	はってく	【行く】	いく	熊本県
はわく	はわく	【掃く】	はく	熊本県
ひだるか	ひだるか	【空腹】	くうふく	熊本県
ひっきゃぶる	ひっきゃぶる	【引きちぎる】	ひきちぎる	熊本県
びっしゃぐ	びっしゃぐ	【ぺちゃんこ】	ぺちゃんこ	熊本県
ひっと出る	ひっとでる	【出る】	でる	熊本県
ふ	ふ	【運】	うん	熊本県
ふせ	ふせ	【布の継ぎあて】	ぬののつぎあて	熊本県
ふとなる	ふとなる	【成長する】	せいちょうする	熊本県
ほぐる	ほぐる	【穴があく】	あながあく	熊本県
ぽす	ぽす	【急に出てくる擬音】	きゅうにでてくるぎおん	熊本県
ほや	ほや	【電球】	でんきゅう	熊本県
ほんな	ほんな	【本当】	ほんとう	熊本県
まうごつ	まうごつ	【とても】	とても	熊本県
まっぽし	まっぽし	【ドンピシャ】	どんぴしゃ	熊本県
まちーっと	まちーっと	【もう少し】	もうすこし	熊本県
まんまんさん	まんまんさん	【仏壇】	ぶつだん	熊本県
みょーなか	みょーなか	【妙な・気持ち悪い感じ】	みょうな・きもちわるいかんじ	熊本県
むしゃんよか	むしゃんよか	【とてもいい】	とてもいい	熊本県
むねこん	むねこん	【納得できない】	なっとくできない	熊本県
むぞらしか	むぞらしか	【かわいい】	かわいい	熊本県
ももたぐら	ももたぐら	【太もも】	ふともも	熊本県
やおいかん	やおいかん	【大変】	たいへん	熊本県
やぜらしか	やぜらしか	【うっとうしい】	うっとうしい	熊本県
ゆだれ	ゆだれ	【よだれ】	よだれ	熊本県
ようよう	ようよう	【やっと・どうにか】	やっと・どうにか	熊本県
よかしこ	よかしこ	【好きなだけ】	すきなだけ	熊本県
よな	よな	【火山灰】	かざんばい	熊本県
わさもん	わさもん	【新しいものが好きな人】	あたらしいものがすきなひと	熊本県
わるこつ	わるこつ	【悪いこと】	わるいこと	熊本県
あかか	あかか・あっか	【明るい】	あかるい	熊本県
あせくる	あせくる	【かき探す・かき集める】	かきさがす・かきあつめる	熊本県
あとぜき	あとぜき	【後を閉めよ】	あとをしめよ	熊本県
あゆる	あゆる	【落ちる】	おちる	熊本県
あらましか	あらましか	【荒々しい】	あらあらしい	熊本県
いさぎい	いさぎい	【大層・ひどく】	たいそう・ひどく	熊本県
いぬる	いぬる	【行く・去って行く・帰る】	いく・さっていく・かえる	熊本県
いばしか	いばしか	【荒っぽい・猛烈だ】	あらっぽい・もうれつだ	熊本県
ううごつ	ううごつ	【大変な事】	たいへんなこと	熊本県
ううばんぎゃあか	ううばんぎゃあか	【おおざっぱな・粗略な】	おおざっぱな・そりゃくな	熊本県
うしつる	うしつる	【放る・なくする】	ほうる・なくする	熊本県
うちあう	うちあう	【相手になる】	あいてになる	熊本県
うったわす	うったわす	【病気になる】	びょうきになる	熊本県
うっちぬ	うっちぬ	【死ぬ】	しぬ	熊本県
うっちょく	うっちょく	【放っておく】	ほうっておく	熊本県
うんぶくるる	うんぶくるる	【溺れる】	おぼれる	熊本県
おめく	おめく	【大声を出す】	おおごえをだす	熊本県
おろよか	おろよか	【良くない】	よくない	熊本県
かかじる	かかじる	【ひっかく・かきむしる】	ひっかく・かきむしる	熊本県
かずむ	かずむ	【嗅ぐ】	かぐ	熊本県
かたぐる	かたぐる	【肩に担ぐ】	かたにかつぐ	熊本県
かたる	かたる	【仲間に加わる】	なかまにくわわる	熊本県
かつるる	かつるる	【飢える】	うえる	熊本県
かぶる	かぶる	【被る・受ける】	かぶる・うける	熊本県
がまだす	がまだす	【精を出す・がんばる】	せいをだす・がんばる	熊本県
きっちゃする	きっちゃする	【苦しい思いをする】	くるしいおもいをする	熊本県
くじる	くじる	【穴をあける】	あなをあける	熊本県
くびる	くびる	【くくる・しばる・ゆわえる】	くくる・しばる・ゆわえる	熊本県
くる	くる	【行く】	いく	熊本県
けたくる	けたくる	【けとばす】	けとばす	熊本県
ごすとおき	ごすとおき	【がばっと起き上がる】	がばっとおきあがる	熊本県
こずむ	こずむ	【積み上げる】	つみあげる	熊本県
こそばいか	こそばいか	【くすぐったい】	くすぐったい	熊本県
ごたる	ごたる	【〜のようだ】	〜のようだ	熊本県
さばくる	さばくる	【仕事が早く片付く】	しごとがはやくかたづく	熊本県
さるく	さるく	【歩きまわる】	あるきまわる	熊本県
しこる	しこる	【いばる】	いばる	熊本県
しちゃくゎちゃ	しちゃくゎちゃ	【滅茶苦茶】	めちゃくちゃ	熊本県
じゃまくる	じゃまくる	【じゃまをする】	じゃまをする	熊本県
しゃんむり	しゃんむり	【無理矢理】	むりやり	熊本県
すずるる	すずるる	【水などが溢れる】	みずなどがあふれる	熊本県
すたむる	すたむる	【水滴を切る】	すいてきをきる	熊本県
すびく	すびく	【寒さが手足にしみわたる】	さむさがてあしにしみわたる	熊本県
ずんだれ	ずんだれ	【だらしのないこと】	だらしのないこと	熊本県
せく	せく	【戸障子などを閉める】	としょうじなどをしめる	熊本県
せっこむ	せっこむ	【あわてる】	あわてる	熊本県
たぎる	たぎる	【熱くなる】	あつくなる	熊本県
つがる	つがる	【つながる】	つながる	熊本県
つっこくる	つっこくる	【転ぶ】	ころぶ	熊本県
つっぽぐる	つっぽぐる	【穴があく】	あながあく	熊本県
てれえっと	てれえっと	【ぼんやりと】	ぼんやりと	熊本県
どぎゃん	どぎゃん	【どんなに】	どんなに	熊本県
とぎる	とぎる	【とがらせる】	とがらせる	熊本県
なおす	なおす	【しまい込む】	しまいこむ	熊本県
なわる	なわる	【場所を変える】	ばしょをかえる	熊本県
なんぎゃる	なんぎゃる	【放り出す】	ほうりだす	熊本県
ぬかる	ぬかる	【突き刺さる】	つきささる	熊本県
ねずむ	ねずむ	【つねる】	つねる	熊本県
ねたわす・ねんた・ねるる	ねたわす・ねんた・ねるる	【病気になる・寝込む】	びょうきになる・ねこむ	熊本県
ねまる	ねまる	【食物が腐る・物事が進展しない】	たべものがくさる・ものごとがしんてんしない	熊本県
ねんかかる	ねんかかる	【寄りかかる・もたれかかる】	よりかかる・もたれかかる	熊本県
のさる	のさる	【恵まれる】	めぐまれる	熊本県
ばかう	ばかう	【奪い合う】	うばいあう	熊本県
ばちかやす	ばちかやす	【ひっくり返す】	ひっくりかえす	熊本県
はちくる	はちくる	【どんどんやってくる】	どんどんやってくる	熊本県
はってく	はってく	【行ってしまう】	いってしまう	熊本県
はつる	はつる	【叩くこと】	たたくこと	熊本県
ひだるか	ひだるか	【ひもじい・空腹だ】	ひもじい・くうふくだ	熊本県
びっしゃぐ	びっしゃぐ	【押しつぶす】	おしつぶす	熊本県
ひっとだす	ひっとだす	【思わず出す・ひょいと出す】	おもわずだす・ひょいとだす	熊本県
ひょくっと	ひょくっと	【ひょっこりと】	ひょっこりと	熊本県
むかる	むかる	【しかける・抵抗する・立ち向かう】	しかける・ていこうする・たちむかう	熊本県
ようなる	ようなる	【よくなる】	よくなる	熊本県
あねじょ	あねじょ	【お姉さん】	おねえさん	熊本県
あんじゃもん	あんじゃもん	【お兄さん】	おにいさん	熊本県
おどん	おどん	【わたし】	わたし	熊本県
おどんな	おどんな	【わたしは】	わたしは	熊本県
からいも	からいも	【さつまいも】	さつまいも	熊本県
がらっぱ	がらっぱ	【かっぱ】	かっぱ	熊本県
くちなわ	くちなわ	【蛇】	へび	熊本県
しりべた・じご	しりべた・じご	【お尻】	おしり	熊本県
なば	なば	【きのこ】	きのこ	熊本県
にいじん	にいじん	【にんじん】	にんじん	熊本県
べーろ	べーろ	【舌】	した	熊本県
ぼうぶら	ぼうぶら	【南瓜】	かぼちゃ	熊本県
めご	めご	【かご】	かご	熊本県
わっどん	わっどん	【おまえたち】	おまえたち	熊本県
わりげ	わりげ	【おまえの家】	おまえのいえ	熊本県
あからん	あからん	【明るくならない】	あかるくならない	熊本県
あぎゃしこ	あぎゃしこ	【あれだけ】	あれだけ	熊本県
あくしゃうつ	あくしゃうつ	【ほとほと困り果てる】	ほとほとこまりはてる	熊本県
あこなる	あこなる	【赤くなる】	あかくなる	熊本県
あたじゃ	あたじゃ	【急に】	きゅうに	熊本県
あとぜき	あとぜき	【戸を閉めること】	とをしめること	熊本県
あばかん	あばかん	【たくさん】	たくさん	熊本県
あゆる	あゆる	【汚れが落ちる】	よごれがおちる	熊本県
あらくたましか	あらくたましか	【荒々しい】	あらあらしい	熊本県
いさぎー	いさぎー	【大変】	たいへん	熊本県
いっちょくよー	いっちょくよー	【置いていくよ】	おいていくよ	熊本県
いっちょん	いっちょん	【少しも】	すこしも	熊本県
いひゅーもん	いひゅーもん	【風変わり者】	ふうがわりもの	熊本県
いみってくる	いみってくる	【水があふれ出てくる】	みずがあふれでてくる	熊本県
うーちゃっか	うーちゃっか	【ずるい】	ずるい	熊本県
うーばんぎゃ	うーばんぎゃ	【大ざっぱだ】	おおざっぱだ	熊本県
うしすぅる	うしすぅる	【捨てる】	すてる	熊本県
うしてる	うしてる	【放り出す】	ほうりだす	熊本県
うすとれー	うすとれー	【てれくさい】	てれくさい	熊本県
うすとろかぁ	うすとろかぁ	【動作がにぶい】	どうさがにぶい	熊本県
うったまがる	うったまがる	【非常に驚く】	ひじょうにおどろく	熊本県
うっちょく	うっちょく	【置き去りにする】	おきざりにする	熊本県
うっぱめる	うっぱめる	【はめる】	はめる	熊本県
うんぶくるる	うんぶくるる	【おぼれる】	おぼれる	熊本県
うんべた	うんべた	【海辺】	うみべ	熊本県
あいそんこそもなか	あいそんこそもなか	【愛想がない・そっけない・可愛げがない】	あいそがない・そっけない・かわいげがない	熊本県
あくしゃうつ	あくしゃうつ	【困る】	こまる	熊本県
あど	あど	【かかと】	かかと	熊本県
あんじゃひと	あんじゃひと	【お兄さん】	おにいさん	熊本県
あんぽんたん	あんぽんたん	【バカ】	ばか	熊本県
いひゅうもん	いひゅうもん	【変わり者】	かわりもの	熊本県
うすとろか	うすとろか	【恥ずかしい】	はずかしい	熊本県
おっちょ	おっちょ	【オス】	おす	熊本県
おっどん	おっどん	【わたしたち・おれたち】	わたしたち・おれたち	熊本県
おどんげ	おどんげ	【わたしの家】	わたしのいえ	熊本県
おめっとーござるま	おめっとーござるま	【おめでとう】	おめでとう	熊本県
がまだす	がまだす	【がんばる】	がんばる	熊本県
がんば	がんば	【頭・顔】	あたま・かお	熊本県
こすか	こすか	【ずるい】	ずるい	熊本県
こすたくりん	こすたくりん	【けちん坊】	けちんぼう	熊本県
しーとっ	しーとっ	【好きだ・好いている】	すきだ・すいている	熊本県
しこる	しこる	【気取る】	きどる	熊本県
すーすーすー	すーすーすー	【肌寒い・スースーする】	はださむい・すーすーする	熊本県
せからしか	せからしか	【やかましい・うるさい・わずらわしい】	やかましい・うるさい・わずらわしい	熊本県
とぜんなか	とぜんなか	【さびしい】	さびしい	熊本県
なえた	なえた	【疲れた】	つかれた	熊本県
のさん	のさん	【おっくうだ・気が重い】	おっくうだ・きがおもい	熊本県
ひだるか	ひだるか	【空腹で疲れた】	くうふくでつかれた	熊本県
むしゃんよか	むしゃんよか	【かっこいい】	かっこいい	熊本県
むじょか	むじょか	【かわいらしい】	かわいらしい	熊本県
もっこす	もっこす	【頑固者】	がんこもの	熊本県
よかですばい	よかですばい	【いいですよ】	いいですよ	熊本県
よめご	よめご	【お嫁さん】	およめさん	熊本県
わさもん	わさもん	【新しもの好き・流行に敏感な人】	あたらしものずき・りゅうこうにびんなひと	熊本県
かしわ	かしわ	【鶏肉】	とりにく	大阪
いね	往ね	【帰れ】	かえれ	大阪
おはようさん	おはようさん	【おはよう】	おはよう	京都
こんにちは	こんにちは	【こんにちは】	こんにちは	京都
こんばんは	こんばんは	【こんばんは】	こんばんは	京都
いってさんじます	行って参じます	【行ってきます】	いってきます	京都
おはようおかえり	おはようおかえり	【気をつけて行ってらっしゃい】	きをつけていってらっしゃい	京都
きいつけて	気いつけて	【気をつけて】	きをつけて	京都
はようかえっといで	早う帰っといで	【早く帰っておいで】	はやくかえっておいで	京都
おやかまっさんどした	おやかまっさんどした	【お邪魔しました】	おじゃましました	京都
いただきます	いただきます	【いただきます】	いただきます	京都
ごっつぉはんどした	ごっつぉはんどした	【ごちそうさまでした】	ごちそうさまでした	京都
よろしゅうおあがり	よろしゅうおあがり	【お粗末さまでした】	おそまつさまでした	京都
はばかりさんどす	はばかりさんどす	【お疲れさまです】	おつかれさまです	京都
これ、ざんないものどすけど	これ、ざんないものどすけど	【つまらないものですが】	つまらないものですが	京都
おおきに	おおきに	【ありがとう】	ありがとう	京都
ほな、また	ほな、また	【では、また】	では、また	京都
ぶぶづけでもどうどす	ぶぶ漬けでもどうどす	【そろそろお帰りください】	そろそろおかえりください	京都
げんきなおこさんやねぇ	元気なお子さんやねぇ	【少し静かにしてほしい】	すこししずかにしてほしい	京都
げんきなひとですなぁ	元気な人ですなぁ	【うるさい・迷惑に感じている】	うるさい・めいわくにかんじている	京都
いつみてもげんきそうやなぁ	いつみても元気そうやなぁ	【休まず働いているね】	やすまずはたらいているね	京都
おじょうちゃん、ぴあのじょうずになったなぁ	お嬢ちゃん、ピアノ上手になったなぁ	【ピアノの音が近所迷惑です】	ぴあののおとがきんじょめいわくです	京都
とおいところからきてはるなぁ	遠いところから来てはるなぁ	【遠いところから来ましたね】	とおいところからきましたね	京都
やっときはった	やっと来はった	【ずいぶん待ちました】	ずいぶんまちました	京都
きれいにしてはりますな	キレイにしてはりますな	【きれいにしていますね】	きれいにしていますね	京都
おおきに	おおきに	【ありがとう】	ありがとう	京都
おおきに	おおきに	【ありがとう、結構です】	ありがとう、けっこうです	京都
ところで	ところで……	【その話はどうでもいい】	そのはなしはどうでもいい	京都
や、めてもろて	や、めてもろて	【やめてもらえますか】	やめてもらえますか	京都
かんにんして	堪忍して	【もう我慢できない】	もうがまんできない	京都
よういわんわぁ	よう言わんわぁ	【呆れて何も言えない】	あきれてなにもいえない	京都
かんがえとくわ	考えとくわ	【お断りします】	おことわりします	京都
よろしいなぁ	よろしいなぁ	【そうですか】	そうですか	京都
かなんな	かなんな	【困ります】	こまります	京都
のどかわいたなぁ	ノド乾いたなあ	【そろそろ帰りましょう】	そろそろかえりましょう	京都
かんがえてみてや	考えてみてや	【やめてほしい】	やめてほしい	京都
きれいながらやね	きれいな柄やね	【少し派手すぎませんか】	すこしはですぎませんか	京都
にあいますなぁ	似合いますなぁ	【その格好はどうかと思います】	そのかっこうはどうかとおもいます	京都
そのげた、ええおとさせてますなぁ	その下駄、ええ音させてますなぁ	【下駄の音が耳障りです】	げたのおとがみみざわりです	京都
しゃれたもんきとるなぁ	シャレたモン着とるなぁ	【派手・変わった服ですね】	はで・かわったふくですね	京都
えらい	えらい	【すごい・大変だ】	すごい・たいへんだ	京都
えらい	えらい	【疲れた】	つかれた	京都
そうじしてるそばからよごれるわ	掃除してる側から汚れるわ	【ここを通らないでほしい】	ここをとおらないでほしい	京都
かえさなくてもええよ	返さなくてもええよ	【しばらく使ってもいいけれど返してください】	しばらくつかってもいいけれどかえしてください	京都
がっかりしたわ	がっかりしたわ	【怒っています】	おこっています	京都
みんなおこってはる	みんな怒ってはる	【私は怒っています】	わたしはおこっています	京都
いいとけいしてますな	いい時計してますな	【話が長いですね】	はなしがながいですね	京都
はっきりしてますな	ハッキリしてますな	【態度が大きいですね】	たいどがおおきいですね	京都
すきなようにしはったら	好きなようにしはったら	【もう許しません】	もうゆるしません	京都
やめときよし	やめときよし	【やめておいた方がいい】	やめておいたほうがいい	京都
つきおうてられん	付き合ってられん	【もう関わりたくない】	もうかかわりたくない	京都
ようべんきょうしてはりますな	よう勉強してはりますな	【余計なことを言わないで】	よけいなことをいわないで	京都
ようしってはるな	よう知ってはるな	【もう黙っていてください】	もうだまっていてください	京都
じゅんなおひとやな	純なお人やな	【もっとはっきりしてください】	もっとはっきりしてください	京都
かんにんしてください	堪忍してください	【いい加減にしてください】	いいかげんにしてください	京都
しゃれしたきものきてますなぁ	シャした着物着てますなぁ	【よくそんな着物を着られますね】	よくそんなきものをきられますね	京都
どくそうてきやね	独創的やね	【変わったものですね】	かわったものですね	京都